protein_0	JX509734.1_repressor_protein_cI	100.000	237	0	0	1	237	1	237	1.66e-179	490
protein_0	NC_001416.1_LexA_family_transcriptional_regulator	100.000	237	0	0	1	237	1	237	1.66e-179	490
protein_0	NC_027339.1_LexA_family_transcriptional_regulator	100.000	237	0	0	1	237	1	237	1.66e-179	490
protein_0	uvig_320512_Uncharacterized_HTH-type_transcriptional_regulator_CBU_1416,LexA_repressor,repressor_LexA,Peptidase_S24-like	100.000	237	0	0	1	237	1	237	1.72e-179	490
protein_0	uvig_215044_Uncharacterized_HTH-type_transcriptional_regulator_CBU_1416,LexA_repressor,repressor_LexA,Peptidase_S24-like	100.000	237	0	0	1	237	1	237	1.72e-179	490
protein_0	uvig_241824_Uncharacterized_HTH-type_transcriptional_regulator_CBU_1416,LexA_repressor,repressor_LexA,Peptidase_S24-like	100.000	237	0	0	1	237	1	237	1.72e-179	490
protein_0	uvig_127502_Uncharacterized_HTH-type_transcriptional_regulator_CBU_1416,LexA_repressor,repressor_LexA,Peptidase_S24-like	100.000	237	0	0	1	237	1	237	1.72e-179	490
protein_0	uvig_225638_Uncharacterized_HTH-type_transcriptional_regulator_CBU_1416,LexA_repressor,repressor_LexA,Peptidase_S24-like	100.000	237	0	0	1	237	1	237	1.72e-179	490
protein_0	uvig_111575_Uncharacterized_HTH-type_transcriptional_regulator_CBU_1416,LexA_repressor,repressor_LexA,Peptidase_S24-like	100.000	237	0	0	1	237	1	237	1.72e-179	490
protein_0	NC_049955.1_LexA_family_transcriptional_regulator	99.578	237	1	0	1	237	1	237	7.54e-179	489
protein_0	uvig_220064_Uncharacterized_HTH-type_transcriptional_regulator_CBU_1416,LexA_repressor,repressor_LexA,Peptidase_S24-like	99.578	237	1	0	1	237	1	237	1.10e-178	488
protein_0	uvig_591421_Uncharacterized_HTH-type_transcriptional_regulator_CBU_1416,LexA_repressor,repressor_LexA,Peptidase_S24-like	99.578	237	1	0	1	237	1	237	1.10e-178	488
protein_0	uvig_424842_Uncharacterized_HTH-type_transcriptional_regulator_CBU_1416,LexA_repressor,repressor_LexA,Peptidase_S24-like	99.578	237	1	0	1	237	1	237	1.10e-178	488
protein_0	uvig_577535_Uncharacterized_HTH-type_transcriptional_regulator_CBU_1416,LexA_repressor,repressor_LexA,Peptidase_S24-like	99.578	237	1	0	1	237	1	237	1.10e-178	488
protein_0	uvig_574095_Uncharacterized_HTH-type_transcriptional_regulator_CBU_1416,LexA_repressor,repressor_LexA,Peptidase_S24-like	99.156	237	2	0	1	237	1	237	3.19e-178	487
protein_0	NC_019767.1_LexA_family_transcriptional_regulator	99.578	237	1	0	1	237	1	237	3.91e-178	487
protein_0	AF069529.1_prophage_repressor_CI	99.156	237	2	0	1	237	1	237	5.93e-178	486
protein_0	JQ182732.1_prophage_repressor	99.156	237	2	0	1	237	1	237	5.93e-178	486
protein_0	JQ086369.1_prophage_repressor	99.156	237	2	0	1	237	1	237	5.93e-178	486
protein_0	NC_002167.1_LexA_family_transcriptional_regulator	99.156	237	2	0	1	237	1	237	5.93e-178	486
protein_0	NC_019768.1_LexA_family_transcriptional_regulator	99.156	237	2	0	1	237	1	237	5.93e-178	486
protein_0	NC_019715.1_LexA_family_transcriptional_regulator	99.156	237	2	0	1	237	1	237	5.93e-178	486
protein_0	uvig_345703_Uncharacterized_HTH-type_transcriptional_regulator_CBU_1416,LexA_repressor,repressor_LexA,Peptidase_S24-like	99.156	237	2	0	1	237	1	237	6.15e-178	486
protein_0	uvig_539028_Uncharacterized_HTH-type_transcriptional_regulator_CBU_1416,LexA_repressor,repressor_LexA,Peptidase_S24-like	99.156	237	2	0	1	237	1	237	6.15e-178	486
protein_0	uvig_306615_Uncharacterized_HTH-type_transcriptional_regulator_CBU_1416,LexA_repressor,repressor_LexA,Peptidase_S24-like	99.156	237	2	0	1	237	1	237	6.15e-178	486
protein_0	uvig_330679_Uncharacterized_HTH-type_transcriptional_regulator_CBU_1416,LexA_repressor,repressor_LexA,Peptidase_S24-like	99.156	237	2	0	1	237	1	237	6.15e-178	486
protein_0	uvig_427293_Uncharacterized_HTH-type_transcriptional_regulator_CBU_1416,LexA_repressor,repressor_LexA,Peptidase_S24-like	99.156	237	2	0	1	237	1	237	6.15e-178	486
protein_0	uvig_510010_Uncharacterized_HTH-type_transcriptional_regulator_CBU_1416,LexA_repressor,repressor_LexA,Peptidase_S24-like	99.156	237	2	0	1	237	1	237	6.15e-178	486
protein_0	uvig_355133_Uncharacterized_HTH-type_transcriptional_regulator_CBU_1416,LexA_repressor,repressor_LexA,Peptidase_S24-like	99.156	237	2	0	1	237	1	237	6.15e-178	486
protein_0	uvig_117255_Uncharacterized_HTH-type_transcriptional_regulator_CBU_1416,LexA_repressor,repressor_LexA,Peptidase_S24-like	99.156	237	2	0	1	237	1	237	6.15e-178	486
protein_0	uvig_215146_Uncharacterized_HTH-type_transcriptional_regulator_CBU_1416,LexA_repressor,repressor_LexA,Peptidase_S24-like	99.156	237	2	0	1	237	1	237	6.15e-178	486
protein_0	JQ086373.1_prophage_repressor	99.156	237	2	0	1	237	1	237	8.90e-178	486
protein_0	NC_019769.1_LexA_family_transcriptional_regulator	99.156	237	2	0	1	237	1	237	8.90e-178	486
protein_0	uvig_334777_Uncharacterized_HTH-type_transcriptional_regulator_CBU_1416,LexA_repressor,repressor_LexA,Peptidase_S24-like	98.734	237	3	0	1	237	1	237	1.99e-177	485
protein_0	uvig_323974_Uncharacterized_HTH-type_transcriptional_regulator_CBU_1416,LexA_repressor,repressor_LexA,Peptidase_S24-like	98.734	237	3	0	1	237	1	237	2.06e-177	485
protein_0	uvig_131112_Uncharacterized_HTH-type_transcriptional_regulator_CBU_1416,LexA_repressor,repressor_LexA,Peptidase_S24-like	98.734	237	3	0	1	237	1	237	2.06e-177	485
protein_0	uvig_203138_Uncharacterized_HTH-type_transcriptional_regulator_CBU_1416,LexA_repressor,repressor_LexA,Peptidase_S24-like	98.734	237	3	0	1	237	1	237	3.80e-177	484
protein_0	uvig_326972_Uncharacterized_HTH-type_transcriptional_regulator_CBU_1416,LexA_repressor,repressor_LexA,Peptidase_S24-like	98.312	237	4	0	1	237	1	237	5.12e-177	484
protein_0	uvig_294721_Uncharacterized_HTH-type_transcriptional_regulator_CBU_1416,LexA_repressor,repressor_LexA,Peptidase_S24-like	98.312	237	4	0	1	237	1	237	5.12e-177	484
protein_0	ivig_2736_Uncharacterized_HTH-type_transcriptional_regulator_CBU_1416,LexA_repressor,repressor_LexA,Peptidase_S24-like	98.734	237	3	0	1	237	1	237	6.37e-177	484
protein_0	ivig_2605_Uncharacterized_HTH-type_transcriptional_regulator_CBU_1416,LexA_repressor,repressor_LexA,Peptidase_S24-like	98.734	237	3	0	1	237	1	237	6.37e-177	484
protein_0	uvig_209131_Uncharacterized_HTH-type_transcriptional_regulator_CBU_1416,LexA_repressor,repressor_LexA,Peptidase_S24-like	98.734	237	3	0	1	237	1	237	1.06e-176	483
protein_0	uvig_131531_Uncharacterized_HTH-type_transcriptional_regulator_CBU_1416,LexA_repressor,repressor_LexA,Peptidase_S24-like	98.734	237	3	0	1	237	1	237	1.06e-176	483
protein_0	uvig_224184_Uncharacterized_HTH-type_transcriptional_regulator_CBU_1416,LexA_repressor,repressor_LexA,Peptidase_S24-like	98.734	237	3	0	1	237	1	237	1.06e-176	483
protein_0	uvig_327479_Uncharacterized_HTH-type_transcriptional_regulator_CBU_1416,LexA_repressor,repressor_LexA,Peptidase_S24-like	98.734	237	3	0	1	237	1	237	1.06e-176	483
protein_0	ivig_2612_Uncharacterized_HTH-type_transcriptional_regulator_CBU_1416,LexA_repressor,repressor_LexA,Peptidase_S24-like	98.734	237	3	0	1	237	1	237	1.06e-176	483
protein_0	uvig_175256_Uncharacterized_HTH-type_transcriptional_regulator_CBU_1416,LexA_repressor,repressor_LexA,Peptidase_S24-like	98.734	237	3	0	1	237	1	237	1.06e-176	483
protein_0	uvig_235214_Uncharacterized_HTH-type_transcriptional_regulator_CBU_1416,LexA_repressor,repressor_LexA,Peptidase_S24-like	98.312	237	4	0	1	237	1	237	1.81e-176	483
protein_0	uvig_297855_Uncharacterized_HTH-type_transcriptional_regulator_CBU_1416,LexA_repressor,repressor_LexA,Peptidase_S24-like	98.312	237	4	0	1	237	1	237	1.81e-176	483
protein_0	uvig_124013_Uncharacterized_HTH-type_transcriptional_regulator_CBU_1416,LexA_repressor,repressor_LexA,Peptidase_S24-like	98.312	237	4	0	1	237	1	237	1.81e-176	483
protein_0	uvig_597069_Uncharacterized_HTH-type_transcriptional_regulator_CBU_1416,LexA_repressor,repressor_LexA,Peptidase_S24-like	98.312	237	4	0	1	237	1	237	1.81e-176	483
protein_0	uvig_58460_Uncharacterized_HTH-type_transcriptional_regulator_CBU_1416,LexA_repressor,repressor_LexA,Peptidase_S24-like	98.312	237	4	0	1	237	1	237	1.81e-176	483
protein_0	uvig_284854_Uncharacterized_HTH-type_transcriptional_regulator_CBU_1416,LexA_repressor,repressor_LexA,Peptidase_S24-like	98.312	237	4	0	1	237	1	237	1.81e-176	483
protein_0	uvig_173435_Uncharacterized_HTH-type_transcriptional_regulator_CBU_1416,LexA_repressor,repressor_LexA,Peptidase_S24-like	98.312	237	4	0	1	237	1	237	1.81e-176	483
protein_0	uvig_240481_Uncharacterized_HTH-type_transcriptional_regulator_CBU_1416,LexA_repressor,repressor_LexA,Peptidase_S24-like	98.312	237	4	0	1	237	1	237	1.81e-176	483
protein_0	uvig_419506_Uncharacterized_HTH-type_transcriptional_regulator_CBU_1416,LexA_repressor,repressor_LexA,Peptidase_S24-like	98.312	237	4	0	1	237	1	237	1.81e-176	483
protein_0	uvig_156602_Uncharacterized_HTH-type_transcriptional_regulator_CBU_1416,LexA_repressor,repressor_LexA,Peptidase_S24-like	98.312	237	4	0	1	237	1	237	1.81e-176	483
protein_0	uvig_388083_Uncharacterized_HTH-type_transcriptional_regulator_CBU_1416,LexA_repressor,repressor_LexA,Peptidase_S24-like	98.312	237	4	0	1	237	1	237	1.81e-176	483
protein_0	uvig_324072_Uncharacterized_HTH-type_transcriptional_regulator_CBU_1416,LexA_repressor,repressor_LexA,Peptidase_S24-like	98.312	237	4	0	1	237	1	237	1.81e-176	483
protein_0	uvig_316534_Uncharacterized_HTH-type_transcriptional_regulator_CBU_1416,LexA_repressor,repressor_LexA,Peptidase_S24-like	98.312	237	4	0	1	237	1	237	1.97e-176	483
protein_0	uvig_167800_Uncharacterized_HTH-type_transcriptional_regulator_CBU_1416,LexA_repressor,repressor_LexA,Peptidase_S24-like	98.312	237	4	0	1	237	1	237	1.97e-176	483
protein_0	uvig_286984_Uncharacterized_HTH-type_transcriptional_regulator_CBU_1416,LexA_repressor,repressor_LexA,Peptidase_S24-like	98.312	237	4	0	1	237	1	237	3.20e-176	482
protein_0	uvig_82261_Uncharacterized_HTH-type_transcriptional_regulator_CBU_1416,LexA_repressor,repressor_LexA,Peptidase_S24-like	98.312	237	4	0	1	237	1	237	3.27e-176	482
protein_0	uvig_238809_Uncharacterized_HTH-type_transcriptional_regulator_CBU_1416,LexA_repressor,repressor_LexA,Peptidase_S24-like	97.890	237	5	0	1	237	1	237	9.37e-176	481
protein_0	uvig_210046_Uncharacterized_HTH-type_transcriptional_regulator_CBU_1416,LexA_repressor,repressor_LexA,Peptidase_S24-like	97.890	237	5	0	1	237	1	237	9.37e-176	481
protein_0	uvig_303462_Uncharacterized_HTH-type_transcriptional_regulator_CBU_1416,LexA_repressor,repressor_LexA,Peptidase_S24-like	97.468	237	6	0	1	237	1	237	5.30e-175	479
protein_0	uvig_325102_Uncharacterized_HTH-type_transcriptional_regulator_CBU_1416,LexA_repressor,repressor_LexA,Peptidase_S24-like	97.468	237	6	0	1	237	1	237	1.98e-174	478
protein_0	uvig_335700_Uncharacterized_HTH-type_transcriptional_regulator_CBU_1416,LexA_repressor,repressor_LexA,Peptidase_S24-like	97.046	237	7	0	1	237	1	237	7.63e-174	476
protein_0	uvig_461584_Uncharacterized_HTH-type_transcriptional_regulator_CBU_1416,LexA_repressor,repressor_LexA,Peptidase_S24-like	97.046	237	7	0	1	237	1	237	7.63e-174	476
protein_0	uvig_121792_Uncharacterized_HTH-type_transcriptional_regulator_CBU_1416,LexA_repressor,repressor_LexA,Peptidase_S24-like	97.046	237	7	0	1	237	1	237	7.63e-174	476
protein_0	uvig_115990_Uncharacterized_HTH-type_transcriptional_regulator_CBU_1416,LexA_repressor,repressor_LexA,Peptidase_S24-like	97.046	237	7	0	1	237	1	237	7.63e-174	476
protein_0	uvig_314811_Uncharacterized_HTH-type_transcriptional_regulator_CBU_1416,LexA_repressor,repressor_LexA,Peptidase_S24-like	94.937	237	12	0	1	237	1	237	2.82e-172	472
protein_0	uvig_576783_Uncharacterized_HTH-type_transcriptional_regulator_CBU_1416,LexA_repressor,repressor_LexA,Peptidase_S24-like	94.937	237	12	0	1	237	1	237	2.82e-172	472
protein_0	uvig_286871_Uncharacterized_HTH-type_transcriptional_regulator_CBU_1416,LexA_repressor,repressor_LexA,Peptidase_S24-like	94.515	237	13	0	1	237	1	237	4.62e-171	469
protein_0	uvig_467445_Uncharacterized_HTH-type_transcriptional_regulator_CBU_1416,LexA_repressor,repressor_LexA,Peptidase_S24-like	94.515	237	13	0	1	237	1	237	4.62e-171	469
protein_0	uvig_257527_Uncharacterized_HTH-type_transcriptional_regulator_CBU_1416,LexA_repressor,repressor_LexA,Peptidase_S24-like	94.515	237	13	0	1	237	1	237	4.62e-171	469
protein_0	uvig_469544_Uncharacterized_HTH-type_transcriptional_regulator_CBU_1416,LexA_repressor,repressor_LexA,Peptidase_S24-like	94.515	237	13	0	1	237	1	237	4.62e-171	469
protein_0	uvig_315707_Uncharacterized_HTH-type_transcriptional_regulator_CBU_1416,LexA_repressor,repressor_LexA,Peptidase_S24-like	94.515	237	13	0	1	237	1	237	4.62e-171	469
protein_0	uvig_370516_Uncharacterized_HTH-type_transcriptional_regulator_CBU_1416,LexA_repressor,repressor_LexA,Peptidase_S24-like	78.059	237	52	0	1	237	1	237	4.32e-134	375
protein_0	uvig_369677_Uncharacterized_HTH-type_transcriptional_regulator_CBU_1416,LexA_repressor,repressor_LexA,Peptidase_S24-like	78.059	237	52	0	1	237	1	237	6.19e-133	373
protein_0	uvig_426234_Uncharacterized_HTH-type_transcriptional_regulator_CBU_1416,LexA_repressor,repressor_LexA,Peptidase_S24-like	77.637	237	53	0	1	237	1	237	8.51e-133	372
protein_0	uvig_426815_Uncharacterized_HTH-type_transcriptional_regulator_CBU_1416,LexA_repressor,repressor_LexA,Peptidase_S24-like	76.271	236	56	0	1	236	1	236	2.20e-130	366
protein_0	uvig_294042_Uncharacterized_HTH-type_transcriptional_regulator_CBU_1416,LexA_repressor,repressor_LexA,Peptidase_S24-like	65.021	243	74	3	1	236	1	239	6.42e-108	309
protein_0	uvig_292087_Uncharacterized_HTH-type_transcriptional_regulator_CBU_1416,LexA_repressor,repressor_LexA,Peptidase_S24-like	62.128	235	87	1	4	236	2	236	1.36e-107	308
protein_0	uvig_115561_Uncharacterized_HTH-type_transcriptional_regulator_CBU_1416,LexA_repressor,repressor_LexA,Peptidase_S24-like	70.755	212	58	1	26	237	24	231	1.57e-107	308
protein_0	AP005154.1_CI_protein	71.226	212	57	1	26	237	24	231	1.67e-107	308
protein_0	AP005153.1_CI_protein	71.226	212	57	1	26	237	24	231	1.67e-107	308
protein_0	FJ184280.1_putative_bacteriophage_CI_repressor	71.226	212	57	1	26	237	24	231	1.67e-107	308
protein_0	KJ909655.1_putative_cI_repressor_protein	71.226	212	57	1	26	237	24	231	1.67e-107	308
protein_0	KP682392.1_putative_cI_repressor_protein	71.226	212	57	1	26	237	24	231	1.67e-107	308
protein_0	KP682391.1_putative_cI_repressor_protein	71.226	212	57	1	26	237	24	231	1.67e-107	308
protein_0	KP682390.1_putative_cI_repressor_protein	71.226	212	57	1	26	237	24	231	1.67e-107	308
protein_0	KP682389.1_putative_cI_repressor_protein	71.226	212	57	1	26	237	24	231	1.67e-107	308
protein_0	KP682388.1_putative_cI_repressor_protein	71.226	212	57	1	26	237	24	231	1.67e-107	308
protein_0	KP682387.1_putative_cI_repressor_protein	71.226	212	57	1	26	237	24	231	1.67e-107	308
protein_0	KP682386.1_putative_cI_repressor_protein	71.226	212	57	1	26	237	24	231	1.67e-107	308
protein_0	KP682385.1_putative_cI_repressor_protein	71.226	212	57	1	26	237	24	231	1.67e-107	308
protein_0	KP682384.1_putative_cI_repressor_protein	71.226	212	57	1	26	237	24	231	1.67e-107	308
protein_0	KP682383.1_putative_cI_repressor_protein	71.226	212	57	1	26	237	24	231	1.67e-107	308
protein_0	KP682382.1_putative_cI_repressor_protein	71.226	212	57	1	26	237	24	231	1.67e-107	308
protein_0	KP682380.1_putative_cI_repressor_protein	71.226	212	57	1	26	237	24	231	1.67e-107	308
protein_0	KP682379.1_putative_cI_repressor_protein	71.226	212	57	1	26	237	24	231	1.67e-107	308
protein_0	KP682378.1_putative_cI_repressor_protein	71.226	212	57	1	26	237	24	231	1.67e-107	308
protein_0	KP682377.1_putative_cI_repressor_protein	71.226	212	57	1	26	237	24	231	1.67e-107	308
protein_0	KP682376.1_putative_cI_repressor_protein	71.226	212	57	1	26	237	24	231	1.67e-107	308
protein_0	KP682375.1_putative_cI_repressor_protein	71.226	212	57	1	26	237	24	231	1.67e-107	308
protein_0	KP682373.1_putative_cI_repressor_protein	71.226	212	57	1	26	237	24	231	1.67e-107	308
protein_0	KP682372.1_putative_cI_repressor_protein	71.226	212	57	1	26	237	24	231	1.67e-107	308
protein_0	NC_004914.3_LexA_family_transcriptional_regulator	71.226	212	57	1	26	237	24	231	1.67e-107	308
protein_0	NC_004913.3_LexA_family_transcriptional_regulator	71.226	212	57	1	26	237	24	231	1.67e-107	308
protein_0	NC_011356.1_LexA_family_transcriptional_regulator	71.226	212	57	1	26	237	24	231	1.67e-107	308
protein_0	NC_049954.1_LexA_family_transcriptional_regulator	71.226	212	57	1	26	237	24	231	1.67e-107	308
protein_0	NC_049949.1_LexA_family_transcriptional_regulator	71.226	212	57	1	26	237	24	231	1.67e-107	308
protein_0	NC_049948.1_LexA_family_transcriptional_regulator	71.226	212	57	1	26	237	24	231	1.67e-107	308
protein_0	uvig_331477_Uncharacterized_HTH-type_transcriptional_regulator_CBU_1416,LexA_repressor,repressor_LexA,Peptidase_S24-like	71.226	212	57	1	26	237	24	231	1.71e-107	308
protein_0	uvig_542036_Uncharacterized_HTH-type_transcriptional_regulator_CBU_1416,LexA_repressor,repressor_LexA,Peptidase_S24-like	71.226	212	57	1	26	237	24	231	1.73e-107	308
protein_0	uvig_336635_Uncharacterized_HTH-type_transcriptional_regulator_CBU_1416,LexA_repressor,repressor_LexA,Peptidase_S24-like	71.226	212	57	1	26	237	24	231	1.73e-107	308
protein_0	uvig_576477_Uncharacterized_HTH-type_transcriptional_regulator_CBU_1416,LexA_repressor,repressor_LexA,Peptidase_S24-like	71.226	212	57	1	26	237	24	231	1.73e-107	308
protein_0	uvig_566986_Uncharacterized_HTH-type_transcriptional_regulator_CBU_1416,LexA_repressor,repressor_LexA,Peptidase_S24-like	71.226	212	57	1	26	237	24	231	1.73e-107	308
protein_0	uvig_259179_Uncharacterized_HTH-type_transcriptional_regulator_CBU_1416,LexA_repressor,repressor_LexA,Peptidase_S24-like	71.226	212	57	1	26	237	24	231	1.73e-107	308
protein_0	uvig_107636_Uncharacterized_HTH-type_transcriptional_regulator_CBU_1416,LexA_repressor,repressor_LexA,Peptidase_S24-like	71.226	212	57	1	26	237	24	231	1.73e-107	308
protein_0	uvig_224391_Uncharacterized_HTH-type_transcriptional_regulator_CBU_1416,LexA_repressor,repressor_LexA,Peptidase_S24-like	71.226	212	57	1	26	237	24	231	1.73e-107	308
protein_0	uvig_25327_Uncharacterized_HTH-type_transcriptional_regulator_CBU_1416,LexA_repressor,repressor_LexA,Peptidase_S24-like	71.226	212	57	1	26	237	24	231	1.73e-107	308
protein_0	ivig_4424_Uncharacterized_HTH-type_transcriptional_regulator_CBU_1416,LexA_repressor,repressor_LexA,Peptidase_S24-like	71.226	212	57	1	26	237	24	231	1.73e-107	308
protein_0	uvig_280222_Uncharacterized_HTH-type_transcriptional_regulator_CBU_1416,LexA_repressor,repressor_LexA,Peptidase_S24-like	71.226	212	57	1	26	237	24	231	1.73e-107	308
protein_0	uvig_357509_Uncharacterized_HTH-type_transcriptional_regulator_CBU_1416,LexA_repressor,repressor_LexA,Peptidase_S24-like	71.226	212	57	1	26	237	24	231	1.73e-107	308
protein_0	uvig_357182_Uncharacterized_HTH-type_transcriptional_regulator_CBU_1416,LexA_repressor,repressor_LexA,Peptidase_S24-like	71.226	212	57	1	26	237	24	231	1.73e-107	308
protein_0	ivig_2642_Uncharacterized_HTH-type_transcriptional_regulator_CBU_1416,LexA_repressor,repressor_LexA,Peptidase_S24-like	71.226	212	57	1	26	237	24	231	1.73e-107	308
protein_0	uvig_90541_Uncharacterized_HTH-type_transcriptional_regulator_CBU_1416,LexA_repressor,repressor_LexA,Peptidase_S24-like	71.226	212	57	1	26	237	24	231	1.73e-107	308
protein_0	uvig_469533_Uncharacterized_HTH-type_transcriptional_regulator_CBU_1416,LexA_repressor,repressor_LexA,Peptidase_S24-like	71.226	212	57	1	26	237	24	231	1.73e-107	308
protein_0	uvig_146032_Uncharacterized_HTH-type_transcriptional_regulator_CBU_1416,LexA_repressor,repressor_LexA,Peptidase_S24-like	71.226	212	57	1	26	237	24	231	1.73e-107	308
protein_0	ivig_2620_Uncharacterized_HTH-type_transcriptional_regulator_CBU_1416,LexA_repressor,repressor_LexA,Peptidase_S24-like	71.226	212	57	1	26	237	24	231	1.73e-107	308
protein_0	uvig_305099_Uncharacterized_HTH-type_transcriptional_regulator_CBU_1416,LexA_repressor,repressor_LexA,Peptidase_S24-like	71.226	212	57	1	26	237	24	231	1.73e-107	308
protein_0	OL539469.1_putative_LexA_family_transcriptional_regulator	62.128	235	87	1	4	236	2	236	1.88e-107	308
protein_0	FM180578.1_repressor_protein_CI	71.226	212	57	1	26	237	12	219	1.98e-107	307
protein_0	NC_049943.1_LexA_family_transcriptional_regulator	71.226	212	57	1	26	237	12	219	1.98e-107	307
protein_0	FJ188381.1_repressor	71.226	212	57	1	26	237	10	217	2.32e-107	307
protein_0	NC_011357.1_LexA_family_transcriptional_regulator	71.226	212	57	1	26	237	10	217	2.32e-107	307
protein_0	NC_049945.1_LexA_family_transcriptional_regulator	71.226	212	57	1	26	237	10	217	2.32e-107	307
protein_0	NC_049944.1_LexA_family_transcriptional_regulator	71.226	212	57	1	26	237	10	217	2.32e-107	307
protein_0	uvig_419058_Uncharacterized_HTH-type_transcriptional_regulator_CBU_1416,LexA_repressor,repressor_LexA,Peptidase_S24-like	71.226	212	57	1	26	237	49	256	2.38e-107	308
protein_0	uvig_578956_Uncharacterized_HTH-type_transcriptional_regulator_CBU_1416,LexA_repressor,repressor_LexA,Peptidase_S24-like	71.226	212	57	1	26	237	10	217	2.40e-107	307
protein_0	uvig_394431_Uncharacterized_HTH-type_transcriptional_regulator_CBU_1416,LexA_repressor,repressor_LexA,Peptidase_S24-like	71.226	212	57	1	26	237	10	217	2.40e-107	307
protein_0	uvig_370412_Uncharacterized_HTH-type_transcriptional_regulator_CBU_1416,LexA_repressor,repressor_LexA,Peptidase_S24-like	71.226	212	57	1	26	237	10	217	2.40e-107	307
protein_0	uvig_336359_Uncharacterized_HTH-type_transcriptional_regulator_CBU_1416,LexA_repressor,repressor_LexA,Peptidase_S24-like	71.090	211	57	1	26	236	24	230	2.65e-107	308
protein_0	uvig_175431_Uncharacterized_HTH-type_transcriptional_regulator_CBU_1416,LexA_repressor,repressor_LexA,Peptidase_S24-like	71.226	212	57	1	26	237	49	256	3.14e-107	308
protein_0	NC_049952.1_LexA_family_transcriptional_regulator	71.226	212	57	1	26	237	24	231	3.80e-107	307
protein_0	uvig_113176_Uncharacterized_HTH-type_transcriptional_regulator_CBU_1416,LexA_repressor,repressor_LexA,Peptidase_S24-like	71.226	212	57	1	26	237	24	231	3.93e-107	307
protein_0	uvig_576280_Uncharacterized_HTH-type_transcriptional_regulator_CBU_1416,LexA_repressor,repressor_LexA,Helix-turn-helix	61.603	237	89	2	1	236	1	236	4.58e-107	307
protein_0	uvig_338310_Uncharacterized_HTH-type_transcriptional_regulator_CBU_1416,LexA_repressor,repressor_LexA,Peptidase_S24-like	70.755	212	58	1	26	237	24	231	6.10e-107	306
protein_0	uvig_562009_Uncharacterized_HTH-type_transcriptional_regulator_CBU_1416,LexA_repressor,repressor_LexA,Peptidase_S24-like	70.755	212	58	1	26	237	24	231	6.10e-107	306
protein_0	uvig_297278_Uncharacterized_HTH-type_transcriptional_regulator_CBU_1416,LexA_repressor,repressor_LexA,Peptidase_S24-like	70.283	212	59	1	26	237	24	231	7.42e-107	306
protein_0	ON470594.1_repressor_protein_cI	70.616	211	58	1	26	236	10	216	8.35e-107	306
protein_0	uvig_482010_Uncharacterized_HTH-type_transcriptional_regulator_CBU_1416,LexA_repressor,repressor_LexA,Peptidase_S24-like	70.616	211	58	1	26	236	24	230	9.14e-107	306
protein_0	uvig_165157_Uncharacterized_HTH-type_transcriptional_regulator_CBU_1416,LexA_repressor,repressor_LexA,Peptidase_S24-like	70.616	211	58	1	26	236	24	230	9.14e-107	306
protein_0	uvig_371024_Uncharacterized_HTH-type_transcriptional_regulator_CBU_1416,LexA_repressor,repressor_LexA,Peptidase_S24-like	70.616	211	58	1	26	236	24	230	9.14e-107	306
protein_0	uvig_318605_Uncharacterized_HTH-type_transcriptional_regulator_CBU_1416,LexA_repressor,repressor_LexA,Peptidase_S24-like	70.616	211	58	1	26	236	24	230	1.07e-106	306
protein_0	uvig_109759_Uncharacterized_HTH-type_transcriptional_regulator_CBU_1416,LexA_repressor,repressor_LexA,Peptidase_S24-like	70.616	211	58	1	26	236	24	230	1.08e-106	306
protein_0	uvig_231730_Uncharacterized_HTH-type_transcriptional_regulator_CBU_1416,LexA_repressor,repressor_LexA,Peptidase_S24-like	70.616	211	58	1	26	236	24	230	1.08e-106	306
protein_0	uvig_327292_Uncharacterized_HTH-type_transcriptional_regulator_CBU_1416,LexA_repressor,repressor_LexA,Peptidase_S24-like	70.616	211	58	1	26	236	24	230	1.08e-106	306
protein_0	uvig_574170_Uncharacterized_HTH-type_transcriptional_regulator_CBU_1416,LexA_repressor,repressor_LexA,Peptidase_S24-like	70.616	211	58	1	26	236	24	230	1.08e-106	306
protein_0	uvig_315150_Uncharacterized_HTH-type_transcriptional_regulator_CBU_1416,LexA_repressor,repressor_LexA,Peptidase_S24-like	70.616	211	58	1	26	236	24	230	1.08e-106	306
protein_0	uvig_293940_Uncharacterized_HTH-type_transcriptional_regulator_CBU_1416,LexA_repressor,repressor_LexA,Peptidase_S24-like	70.616	211	58	1	26	236	24	230	1.08e-106	306
protein_0	uvig_172959_Uncharacterized_HTH-type_transcriptional_regulator_CBU_1416,LexA_repressor,repressor_LexA,Peptidase_S24-like	70.616	211	58	1	26	236	24	230	1.08e-106	306
protein_0	uvig_234317_Uncharacterized_HTH-type_transcriptional_regulator_CBU_1416,LexA_repressor,repressor_LexA,Peptidase_S24-like	70.616	211	58	1	26	236	24	230	1.08e-106	306
protein_0	uvig_292743_Uncharacterized_HTH-type_transcriptional_regulator_CBU_1416,LexA_repressor,repressor_LexA,Peptidase_S24-like	70.616	211	58	1	26	236	24	230	1.08e-106	306
protein_0	ivig_409_Uncharacterized_HTH-type_transcriptional_regulator_CBU_1416,LexA_repressor,repressor_LexA,Peptidase_S24-like	70.755	212	58	1	26	237	33	240	1.09e-106	306
protein_0	uvig_580043_Uncharacterized_HTH-type_transcriptional_regulator_CBU_1416,LexA_repressor,repressor_LexA,Peptidase_S24-like	70.755	212	58	1	26	237	33	240	1.09e-106	306
protein_0	uvig_297241_Uncharacterized_HTH-type_transcriptional_regulator_CBU_1416,LexA_repressor,repressor_LexA,Peptidase_S24-like	70.616	211	58	1	26	236	24	230	1.11e-106	306
protein_0	uvig_464652_Uncharacterized_HTH-type_transcriptional_regulator_CBU_1416,LexA_repressor,repressor_LexA,Peptidase_S24-like	70.616	211	58	1	26	236	10	216	1.15e-106	305
protein_0	uvig_292302_Uncharacterized_HTH-type_transcriptional_regulator_CBU_1416,LexA_repressor,repressor_LexA,Peptidase_S24-like	61.277	235	89	1	4	236	2	236	1.78e-106	306
protein_0	uvig_314787_Uncharacterized_HTH-type_transcriptional_regulator_CBU_1416,LexA_repressor,repressor_LexA,Peptidase_S24-like	63.713	237	84	2	1	236	1	236	2.01e-106	305
protein_0	uvig_254547_Uncharacterized_HTH-type_transcriptional_regulator_CBU_1416,LexA_repressor,repressor_LexA,Peptidase_S24-like	70.616	211	58	1	26	236	37	243	2.12e-106	306
protein_0	uvig_252878_Uncharacterized_HTH-type_transcriptional_regulator_CBU_1416,LexA_repressor,repressor_LexA,Peptidase_S24-like	70.616	211	58	1	26	236	37	243	2.12e-106	306
protein_0	MZ043897.1_CI_protein	70.755	212	58	1	26	237	24	231	2.24e-106	305
protein_0	uvig_322123_Uncharacterized_HTH-type_transcriptional_regulator_CBU_1416,LexA_repressor,repressor_LexA,Peptidase_S24-like	70.616	211	58	1	26	236	37	243	2.78e-106	305
protein_0	uvig_370933_Uncharacterized_HTH-type_transcriptional_regulator_CBU_1416,LexA_repressor,repressor_LexA,Peptidase_S24-like	70.142	211	59	1	26	236	10	216	4.88e-106	304
protein_0	uvig_244686_Uncharacterized_HTH-type_transcriptional_regulator_CBU_1416,LexA_repressor,repressor_LexA,Peptidase_S24-like	70.142	211	59	1	26	236	24	230	5.44e-106	304
protein_0	uvig_114767_Uncharacterized_HTH-type_transcriptional_regulator_CBU_1416,LexA_repressor,repressor_LexA,Peptidase_S24-like	70.142	211	59	1	26	236	37	243	5.54e-106	305
protein_0	uvig_260595_Uncharacterized_HTH-type_transcriptional_regulator_CBU_1416,LexA_repressor,repressor_LexA,Peptidase_S24-like	70.142	211	59	1	26	236	37	243	9.90e-106	304
protein_0	uvig_60761_Uncharacterized_HTH-type_transcriptional_regulator_CBU_1416,LexA_repressor,repressor_LexA,Peptidase_S24-like	70.142	211	59	1	26	236	24	230	1.74e-105	303
protein_0	uvig_392892_Uncharacterized_HTH-type_transcriptional_regulator_CBU_1416,LexA_repressor,repressor_LexA,Peptidase_S24-like	62.128	235	87	1	4	236	2	236	1.93e-105	303
protein_0	MW057855.1_repressor_protein_cI	60.256	234	92	1	4	236	2	235	2.88e-105	302
protein_0	HQ424691.1_repressor_protein_CI	61.441	236	91	0	1	236	1	236	5.70e-105	302
protein_0	JQ011318.1_repressor_protein_CI	61.441	236	91	0	1	236	1	236	5.70e-105	302
protein_0	KR781488.1_repressor_CI	61.441	236	91	0	1	236	1	236	5.70e-105	302
protein_0	KP682374.1_repressor_protein_CI	61.441	236	91	0	1	236	1	236	5.70e-105	302
protein_0	KP682371.1_repressor_protein_CI	61.441	236	91	0	1	236	1	236	5.70e-105	302
protein_0	HG792105.1_prophage_repressor_CI	61.441	236	91	0	1	236	1	236	5.70e-105	302
protein_0	HG792104.1_prophage_repressor_CI	61.441	236	91	0	1	236	1	236	5.70e-105	302
protein_0	HG792103.1_prophage_repressor_CI	61.441	236	91	0	1	236	1	236	5.70e-105	302
protein_0	HG792102.1_prophage_repressor_CI	61.441	236	91	0	1	236	1	236	5.70e-105	302
protein_0	KU298437.1_repressor_protein_CI	61.441	236	91	0	1	236	1	236	5.70e-105	302
protein_0	MG710528.1_repressor_CI	61.441	236	91	0	1	236	1	236	5.70e-105	302
protein_0	KY914478.1_putative_repressor_protein_CI	61.441	236	91	0	1	236	1	236	5.70e-105	302
protein_0	uvig_113341_Uncharacterized_HTH-type_transcriptional_regulator_CBU_1416,LexA_repressor,repressor_LexA,Peptidase_S24-like	61.441	236	91	0	1	236	1	236	5.90e-105	302
protein_0	uvig_130718_Uncharacterized_HTH-type_transcriptional_regulator_CBU_1416,LexA_repressor,repressor_LexA,Peptidase_S24-like	61.441	236	91	0	1	236	1	236	5.90e-105	302
protein_0	uvig_188281_Uncharacterized_HTH-type_transcriptional_regulator_CBU_1416,LexA_repressor,repressor_LexA,Peptidase_S24-like	61.441	236	91	0	1	236	1	236	5.90e-105	302
protein_0	uvig_581672_Uncharacterized_HTH-type_transcriptional_regulator_CBU_1416,LexA_repressor,repressor_LexA,Peptidase_S24-like	61.441	236	91	0	1	236	1	236	7.34e-105	301
protein_0	uvig_594207_Uncharacterized_HTH-type_transcriptional_regulator_CBU_1416,LexA_repressor,repressor_LexA,Peptidase_S24-like	61.441	236	91	0	1	236	1	236	7.34e-105	301
protein_0	uvig_327944_Uncharacterized_HTH-type_transcriptional_regulator_CBU_1416,LexA_repressor,repressor_LexA,Peptidase_S24-like	61.441	236	91	0	1	236	1	236	7.34e-105	301
protein_0	uvig_318443_Uncharacterized_HTH-type_transcriptional_regulator_CBU_1416,LexA_repressor,repressor_LexA,Peptidase_S24-like	61.441	236	91	0	1	236	1	236	7.34e-105	301
protein_0	uvig_203061_Uncharacterized_HTH-type_transcriptional_regulator_CBU_1416,LexA_repressor,repressor_LexA,Peptidase_S24-like	70.755	212	57	2	26	237	24	230	9.04e-105	301
protein_0	uvig_260429_Uncharacterized_HTH-type_transcriptional_regulator_CBU_1416,LexA_repressor,repressor_LexA,Peptidase_S24-like	61.017	236	92	0	1	236	1	236	1.92e-104	300
protein_0	uvig_297178_Uncharacterized_HTH-type_transcriptional_regulator_CBU_1416,LexA_repressor,repressor_LexA,Peptidase_S24-like	61.017	236	92	0	1	236	1	236	1.92e-104	300
protein_0	ivig_408_Uncharacterized_HTH-type_transcriptional_regulator_CBU_1416,LexA_repressor,repressor_LexA,Peptidase_S24-like	61.017	236	92	0	1	236	1	236	1.92e-104	300
protein_0	uvig_137000_LexA_repressor,repressor_LexA,Peptidase_S24-like	61.506	239	88	3	1	236	1	238	7.90e-104	299
protein_0	uvig_214861_LexA_repressor,repressor_LexA,Peptidase_S24-like	61.088	239	89	3	1	236	1	238	2.19e-103	298
protein_0	uvig_132536_LexA_repressor,repressor_LexA,Peptidase_S24-like	61.088	239	89	3	1	236	1	238	2.49e-103	298
protein_0	uvig_370184_LexA_repressor,repressor_LexA,Peptidase_S24-like	61.088	239	89	3	1	236	1	238	4.40e-103	297
protein_0	uvig_393252_LexA_repressor,repressor_LexA,Peptidase_S24-like	61.088	239	89	3	1	236	1	238	4.86e-103	297
protein_0	uvig_317852_LexA_repressor,repressor_LexA,Peptidase_S24-like	60.669	239	90	3	1	236	1	238	7.12e-103	296
protein_0	uvig_369623_LexA_repressor,repressor_LexA,Peptidase_S24-like	61.441	236	87	3	4	236	2	236	1.67e-102	296
protein_0	uvig_166491_Uncharacterized_HTH-type_transcriptional_regulator_CBU_1416,LexA_repressor,repressor_LexA,Peptidase_S24-like	66.981	212	66	1	26	237	37	244	1.84e-102	296
protein_0	uvig_244204_Uncharacterized_HTH-type_transcriptional_regulator_CBU_1416,LexA_repressor,repressor_LexA,Peptidase_S24-like	61.088	239	89	3	1	236	1	238	2.01e-102	295
protein_0	NC_000902.1_LexA_family_transcriptional_regulator	96.429	140	5	0	98	237	30	169	1.20e-100	288
protein_0	uvig_577364_LexA_repressor,repressor_LexA,Peptidase_S24-like	62.343	239	86	3	1	236	1	238	8.23e-98	284
protein_0	ivig_3401_Uncharacterized_HTH-type_transcriptional_regulator_CBU_1416,LexA_repressor,repressor_LexA,Peptidase_S24-like	63.208	212	74	1	26	237	24	231	3.20e-97	282
protein_0	uvig_577067_Uncharacterized_HTH-type_transcriptional_regulator_CBU_1416,LexA_repressor,repressor_LexA,Peptidase_S24-like	61.792	212	77	2	26	237	10	217	1.33e-93	272
protein_0	uvig_393044_Uncharacterized_HTH-type_transcriptional_regulator_CBU_1416,LexA_repressor,repressor_LexA,Peptidase_S24-like	61.290	217	78	3	22	237	8	219	9.94e-93	270
protein_0	uvig_110311_Uncharacterized_HTH-type_transcriptional_regulator_CBU_1416,LexA_repressor,repressor_LexA,Peptidase_S24-like	61.290	217	78	3	22	237	8	219	9.94e-93	270
protein_0	uvig_280707_Uncharacterized_HTH-type_transcriptional_regulator_CBU_1416,LexA_repressor,repressor_LexA,Peptidase_S24-like	59.259	216	84	2	22	237	8	219	1.46e-92	270
protein_0	uvig_316314_Uncharacterized_HTH-type_transcriptional_regulator_CBU_1416,LexA_repressor,repressor_LexA,Peptidase_S24-like	59.259	216	84	2	22	237	8	219	1.46e-92	270
protein_0	uvig_576553_Uncharacterized_HTH-type_transcriptional_regulator_CBU_1416,LexA_repressor,repressor_LexA,Peptidase_S24-like	59.259	216	84	2	22	237	8	219	1.46e-92	270
protein_0	JQ806764.1_cI_major_repressor_protein	59.259	216	84	2	22	237	6	217	3.13e-92	269
protein_0	OP377721.1_repressor_protein_CI	58.796	216	85	2	22	237	6	217	9.53e-92	268
protein_0	KU927496.1_repressor	58.796	216	85	2	22	237	8	219	1.46e-91	267
protein_0	KU927495.1_repressor	58.796	216	85	2	22	237	8	219	1.46e-91	267
protein_0	KU927491.1_repressor	58.796	216	85	2	22	237	8	219	1.46e-91	267
protein_0	JF900176.1_CI_protein	58.796	216	85	2	22	237	6	217	1.53e-91	267
protein_0	NC_017985.1_LexA_family_transcriptional_regulator	58.796	216	85	2	22	237	6	217	1.53e-91	267
protein_0	FJ000341.1_cI_major_repressor_protein	58.796	216	85	2	22	237	13	224	1.83e-91	267
protein_0	NC_013059.1_LexA_family_transcriptional_regulator	58.796	216	85	2	22	237	13	224	1.83e-91	267
protein_0	KU878967.1_repressor	58.333	216	86	2	22	237	8	219	8.05e-91	265
protein_0	NC_030919.1_LexA_family_transcriptional_regulator	58.333	216	86	2	22	237	8	219	8.05e-91	265
protein_0	uvig_392936_Uncharacterized_HTH-type_transcriptional_regulator_CBU_1416,LexA_repressor,repressor_LexA,Peptidase_S24-like	60.987	223	66	4	18	237	8	212	2.36e-90	264
protein_0	uvig_314771_Uncharacterized_HTH-type_transcriptional_regulator_CBU_1416,LexA_repressor,repressor_LexA,Peptidase_S24-like	60.538	223	67	4	18	237	8	212	2.67e-90	264
protein_0	MH370383.1_putative_prophage_repressor_CI	60.090	223	68	4	18	237	11	215	8.83e-89	260
protein_0	MH370382.1_putative_prophage_repressor_CI	60.090	223	68	4	18	237	11	215	8.83e-89	260
protein_0	MH370364.1_putative_prophage_repressor_CI	60.090	223	68	4	18	237	8	212	1.12e-88	259
protein_0	uvig_80658_Uncharacterized_HTH-type_transcriptional_regulator_CBU_1416,LexA_repressor,Predicted_transcriptional_regulator,repressor_LexA,Peptidase_S24-like	52.273	220	88	4	18	236	11	214	7.71e-72	217
protein_0	uvig_113327_Uncharacterized_HTH-type_transcriptional_regulator_CBU_1416,LexA_repressor,Predicted_transcriptional_regulator,repressor_LexA,Peptidase_S24-like	50.909	220	91	4	18	236	13	216	2.33e-69	211
protein_0	uvig_317265_Uncharacterized_HTH-type_transcriptional_regulator_CBU_1416,LexA_repressor,Predicted_transcriptional_regulator,repressor_LexA,Peptidase_S24-like	50.909	220	91	4	18	236	13	216	3.72e-69	210
protein_0	uvig_319492_Uncharacterized_HTH-type_transcriptional_regulator_CBU_1416,LexA_repressor,Predicted_transcriptional_regulator,repressor_LexA,Peptidase_S24-like	50.909	220	91	4	18	236	13	216	3.72e-69	210
protein_0	uvig_294240_LexA_repressor,repressor_LexA,Helix-turn-helix	49.315	219	103	4	22	237	6	219	1.08e-68	209
protein_0	uvig_114379_Uncharacterized_HTH-type_transcriptional_regulator_CBU_1416,LexA_repressor,Predicted_transcriptional_regulator,repressor_LexA,Peptidase_S24-like	50.455	220	92	4	18	236	11	214	2.17e-68	208
protein_0	ivig_2695_Uncharacterized_HTH-type_transcriptional_regulator_CBU_1416,LexA_repressor,Predicted_transcriptional_regulator,repressor_LexA,Helix-turn-helix_domain	50.455	220	92	4	18	236	11	214	1.56e-67	206
protein_0	uvig_354922_Uncharacterized_HTH-type_transcriptional_regulator_CBU_1416,LexA_repressor,repressor_LexA,Peptidase_S24-like	48.571	210	99	3	29	236	25	227	1.05e-66	204
protein_0	uvig_314641_LexA_repressor,repressor_LexA,Peptidase_S24-like	46.190	210	105	5	30	236	16	220	1.70e-66	204
protein_0	ivig_2703_Uncharacterized_HTH-type_transcriptional_regulator_CBU_1416,LexA_repressor,Predicted_transcriptional_regulator,repressor_LexA,Helix-turn-helix_domain	48.636	220	96	4	18	236	11	214	2.11e-66	203
protein_0	KY420199.1_prophage_repressor_protein	48.095	210	100	3	29	236	25	227	2.25e-66	203
protein_0	uvig_213286_LexA_repressor,repressor_LexA,Peptidase_S24-like	46.190	210	105	5	30	236	16	220	3.90e-66	202
protein_0	uvig_294239_Uncharacterized_HTH-type_transcriptional_regulator_CBU_1416,LexA_repressor,repressor_LexA,Peptidase_S24-like	47.573	206	103	2	31	236	17	217	6.60e-66	202
protein_0	uvig_80650_Uncharacterized_HTH-type_transcriptional_regulator_CBU_1416,LexA_repressor,repressor_LexA,Peptidase_S24-like	47.465	217	87	5	31	236	17	217	1.14e-65	201
protein_0	uvig_577079_Uncharacterized_HTH-type_transcriptional_regulator_CBU_1416,LexA_repressor,repressor_LexA,Peptidase_S24-like	47.619	210	101	3	29	236	34	236	1.35e-65	202
protein_0	uvig_354734_LexA_repressor,repressor_LexA,Peptidase_S24-like	45.714	210	106	5	30	236	16	220	1.69e-65	201
protein_0	AP014629.1_putative_prophage_repressor_CI	47.511	221	99	3	18	237	13	217	9.61e-65	199
protein_0	uvig_116410_Uncharacterized_HTH-type_transcriptional_regulator_CBU_1416,LexA_repressor,repressor_LexA,Peptidase_S24-like	45.690	232	118	4	5	231	4	232	1.78e-64	199
protein_0	uvig_314896_Uncharacterized_HTH-type_transcriptional_regulator_CBU_1416,LexA_repressor,repressor_LexA,Helix-turn-helix	47.706	218	106	4	22	236	6	218	5.06e-64	197
protein_0	MH898687.1_putative_prophage_repressor_CI	48.416	221	99	5	18	237	13	219	3.44e-63	195
protein_0	uvig_577833_Uncharacterized_HTH-type_transcriptional_regulator_CBU_1416,LexA_repressor,repressor_LexA,Peptidase_S24-like	42.979	235	127	4	1	231	1	232	4.44e-63	195
protein_0	uvig_419040_Uncharacterized_HTH-type_transcriptional_regulator_CBU_1416,LexA_repressor,repressor_LexA,Helix-turn-helix	43.777	233	119	4	4	230	2	228	1.59e-62	194
protein_0	uvig_396894_Uncharacterized_HTH-type_transcriptional_regulator_CBU_1416,LexA_repressor,repressor_LexA,Helix-turn-helix	43.777	233	119	4	4	230	2	228	1.59e-62	194
protein_0	uvig_119444_Uncharacterized_HTH-type_transcriptional_regulator_CBU_1416,LexA_repressor,repressor_LexA,Helix-turn-helix	43.777	233	119	4	4	230	2	228	1.59e-62	194
protein_0	uvig_396518_Uncharacterized_HTH-type_transcriptional_regulator_CBU_1416,LexA_repressor,repressor_LexA,Helix-turn-helix	43.777	233	119	4	4	230	2	228	1.59e-62	194
protein_0	uvig_577229_Uncharacterized_HTH-type_transcriptional_regulator_CBU_1416,LexA_repressor,repressor_LexA,Helix-turn-helix	43.777	233	119	4	4	230	2	228	1.59e-62	194
protein_0	uvig_370608_Uncharacterized_HTH-type_transcriptional_regulator_CBU_1416,LexA_repressor,repressor_LexA,Helix-turn-helix	43.777	233	119	4	4	230	2	228	2.07e-62	194
protein_0	uvig_120852_Uncharacterized_HTH-type_transcriptional_regulator_CBU_1416,LexA_repressor,repressor_LexA,Peptidase_S24-like	41.810	232	128	3	4	230	3	232	2.66e-62	193
protein_0	uvig_395053_LexA_repressor,repressor_LexA,Peptidase_S24-like	47.982	223	95	8	18	236	8	213	3.83e-62	192
protein_0	uvig_442903_Uncharacterized_HTH-type_transcriptional_regulator_CBU_1416,LexA_repressor,repressor_LexA,Peptidase_S24-like	43.534	232	123	4	5	231	4	232	6.23e-62	192
protein_0	uvig_213275_Uncharacterized_HTH-type_transcriptional_regulator_CBU_1416,LexA_repressor,repressor_LexA,Peptidase_S24-like	42.373	236	127	5	1	231	1	232	7.74e-62	192
protein_0	uvig_370737_Uncharacterized_HTH-type_transcriptional_regulator_CBU_1416,LexA_repressor,repressor_LexA,Helix-turn-helix	44.978	229	122	3	4	230	2	228	2.00e-61	191
protein_0	JQ086370.1_prophage_repressor	43.348	233	123	4	5	230	4	234	2.41e-61	191
protein_0	uvig_482493_Uncharacterized_HTH-type_transcriptional_regulator_CBU_1416,LexA_repressor,repressor_LexA,Peptidase_S24-like	43.348	233	123	4	5	230	4	234	2.49e-61	191
protein_0	JQ182726.1_prophage_repressor	43.348	233	123	4	5	230	4	234	3.41e-61	191
protein_0	MT833387.1_CI_repressor_protein	43.348	233	123	4	5	230	4	234	3.41e-61	191
protein_0	ON470589.1_repressor_protein_cI	43.348	233	123	4	5	230	4	234	3.41e-61	191
protein_0	uvig_126106_Uncharacterized_HTH-type_transcriptional_regulator_CBU_1416,LexA_repressor,repressor_LexA,Peptidase_S24-like	41.810	232	128	3	4	230	3	232	3.46e-61	191
protein_0	uvig_222147_Uncharacterized_HTH-type_transcriptional_regulator_CBU_1416,LexA_repressor,repressor_LexA,Peptidase_S24-like	43.348	233	123	4	5	230	4	234	3.52e-61	191
protein_0	uvig_473814_Uncharacterized_HTH-type_transcriptional_regulator_CBU_1416,LexA_repressor,repressor_LexA,Peptidase_S24-like	43.348	233	123	4	5	230	4	234	3.52e-61	191
protein_0	uvig_187133_Uncharacterized_HTH-type_transcriptional_regulator_CBU_1416,LexA_repressor,repressor_LexA,Peptidase_S24-like	43.348	233	123	4	5	230	4	234	3.52e-61	191
protein_0	uvig_248739_Uncharacterized_HTH-type_transcriptional_regulator_CBU_1416,LexA_repressor,repressor_LexA,Peptidase_S24-like	43.348	233	123	4	5	230	4	234	3.52e-61	191
protein_0	uvig_135356_Uncharacterized_HTH-type_transcriptional_regulator_CBU_1416,LexA_repressor,repressor_LexA,Peptidase_S24-like	43.348	233	123	4	5	230	4	234	3.52e-61	191
protein_0	uvig_150949_Uncharacterized_HTH-type_transcriptional_regulator_CBU_1416,LexA_repressor,repressor_LexA,Peptidase_S24-like	43.348	233	123	4	5	230	4	234	3.52e-61	191
protein_0	uvig_518889_Uncharacterized_HTH-type_transcriptional_regulator_CBU_1416,LexA_repressor,repressor_LexA,Peptidase_S24-like	43.348	233	123	4	5	230	4	234	3.52e-61	191
protein_0	uvig_132687_Uncharacterized_HTH-type_transcriptional_regulator_CBU_1416,LexA_repressor,repressor_LexA,Peptidase_S24-like	43.348	233	123	4	5	230	4	234	3.52e-61	191
protein_0	uvig_113723_Uncharacterized_HTH-type_transcriptional_regulator_CBU_1416,LexA_repressor,repressor_LexA,Peptidase_S24-like	43.348	233	123	4	5	230	4	234	3.52e-61	191
protein_0	uvig_233273_Uncharacterized_HTH-type_transcriptional_regulator_CBU_1416,LexA_repressor,repressor_LexA,Peptidase_S24-like	43.348	233	123	4	5	230	4	234	3.52e-61	191
protein_0	uvig_115398_Uncharacterized_HTH-type_transcriptional_regulator_CBU_1416,LexA_repressor,repressor_LexA,Peptidase_S24-like	43.348	233	123	4	5	230	4	234	3.52e-61	191
protein_0	uvig_63554_Uncharacterized_HTH-type_transcriptional_regulator_CBU_1416,LexA_repressor,repressor_LexA,Peptidase_S24-like	43.348	233	123	4	5	230	4	234	3.52e-61	191
protein_0	ivig_2513_Uncharacterized_HTH-type_transcriptional_regulator_CBU_1416,LexA_repressor,repressor_LexA,Peptidase_S24-like	43.348	233	123	4	5	230	4	234	3.52e-61	191
protein_0	uvig_117213_Uncharacterized_HTH-type_transcriptional_regulator_CBU_1416,LexA_repressor,repressor_LexA,Peptidase_S24-like	43.348	233	123	4	5	230	4	234	3.52e-61	191
protein_0	uvig_419620_Uncharacterized_HTH-type_transcriptional_regulator_CBU_1416,LexA_repressor,repressor_LexA,Peptidase_S24-like	43.348	233	123	4	5	230	4	234	3.52e-61	191
protein_0	uvig_385198_Uncharacterized_HTH-type_transcriptional_regulator_CBU_1416,LexA_repressor,repressor_LexA,Peptidase_S24-like	43.348	233	123	4	5	230	4	234	3.52e-61	191
protein_0	uvig_117086_Uncharacterized_HTH-type_transcriptional_regulator_CBU_1416,LexA_repressor,repressor_LexA,Peptidase_S24-like	43.348	233	123	4	5	230	4	234	3.52e-61	191
protein_0	uvig_80221_Uncharacterized_HTH-type_transcriptional_regulator_CBU_1416,LexA_repressor,repressor_LexA,Peptidase_S24-like	43.348	233	123	4	5	230	4	234	3.52e-61	191
protein_0	uvig_481863_Uncharacterized_HTH-type_transcriptional_regulator_CBU_1416,LexA_repressor,repressor_LexA,Peptidase_S24-like	43.348	233	123	4	5	230	4	234	3.52e-61	191
protein_0	uvig_524152_Uncharacterized_HTH-type_transcriptional_regulator_CBU_1416,LexA_repressor,repressor_LexA,Peptidase_S24-like	43.348	233	123	4	5	230	4	234	3.52e-61	191
protein_0	uvig_293546_Uncharacterized_HTH-type_transcriptional_regulator_CBU_1416,LexA_repressor,repressor_LexA,Peptidase_S24-like	43.348	233	123	4	5	230	4	234	3.52e-61	191
protein_0	uvig_285514_Uncharacterized_HTH-type_transcriptional_regulator_CBU_1416,LexA_repressor,repressor_LexA,Peptidase_S24-like	43.348	233	123	4	5	230	4	234	3.52e-61	191
protein_0	uvig_314213_Uncharacterized_HTH-type_transcriptional_regulator_CBU_1416,LexA_repressor,repressor_LexA,Peptidase_S24-like	43.348	233	123	4	5	230	4	234	3.52e-61	191
protein_0	uvig_583840_Uncharacterized_HTH-type_transcriptional_regulator_CBU_1416,LexA_repressor,repressor_LexA,Peptidase_S24-like	43.348	233	123	4	5	230	4	234	3.52e-61	191
protein_0	uvig_150753_Uncharacterized_HTH-type_transcriptional_regulator_CBU_1416,LexA_repressor,repressor_LexA,Peptidase_S24-like	43.348	233	123	4	5	230	4	234	3.52e-61	191
protein_0	uvig_231741_Uncharacterized_HTH-type_transcriptional_regulator_CBU_1416,LexA_repressor,repressor_LexA,Peptidase_S24-like	43.348	233	123	4	5	230	4	234	3.52e-61	191
protein_0	uvig_517735_Uncharacterized_HTH-type_transcriptional_regulator_CBU_1416,LexA_repressor,repressor_LexA,Peptidase_S24-like	43.348	233	123	4	5	230	4	234	3.52e-61	191
protein_0	uvig_564812_Uncharacterized_HTH-type_transcriptional_regulator_CBU_1416,LexA_repressor,repressor_LexA,Peptidase_S24-like	43.348	233	123	4	5	230	4	234	3.52e-61	191
protein_0	uvig_301958_Uncharacterized_HTH-type_transcriptional_regulator_CBU_1416,LexA_repressor,repressor_LexA,Peptidase_S24-like	43.348	233	123	4	5	230	4	234	3.52e-61	191
protein_0	uvig_90676_Uncharacterized_HTH-type_transcriptional_regulator_CBU_1416,LexA_repressor,repressor_LexA,Peptidase_S24-like	43.348	233	123	4	5	230	4	234	3.52e-61	191
protein_0	uvig_319158_Uncharacterized_HTH-type_transcriptional_regulator_CBU_1416,LexA_repressor,repressor_LexA,Peptidase_S24-like	43.348	233	123	4	5	230	4	234	3.52e-61	191
protein_0	uvig_80764_Uncharacterized_HTH-type_transcriptional_regulator_CBU_1416,LexA_repressor,repressor_LexA,Peptidase_S24-like	43.348	233	123	4	5	230	4	234	3.52e-61	191
protein_0	uvig_197585_Uncharacterized_HTH-type_transcriptional_regulator_CBU_1416,LexA_repressor,repressor_LexA,Peptidase_S24-like	43.348	233	123	4	5	230	4	234	3.52e-61	191
protein_0	uvig_577660_Uncharacterized_HTH-type_transcriptional_regulator_CBU_1416,LexA_repressor,repressor_LexA,Peptidase_S24-like	43.348	233	123	3	5	230	4	234	4.57e-61	190
protein_0	uvig_112299_Uncharacterized_HTH-type_transcriptional_regulator_CBU_1416,LexA_repressor,repressor_LexA,Peptidase_S24-like	44.017	234	122	3	4	230	3	234	5.04e-61	190
protein_0	uvig_280115_Uncharacterized_HTH-type_transcriptional_regulator_CBU_1416,LexA_repressor,repressor_LexA,Peptidase_S24-like	42.918	233	124	4	5	230	4	234	1.01e-60	189
protein_0	ivig_2449_Uncharacterized_HTH-type_transcriptional_regulator_CBU_1416,LexA_repressor,repressor_LexA,Peptidase_S24-like	43.590	234	123	3	4	230	3	234	1.19e-60	189
protein_0	uvig_577937_Uncharacterized_HTH-type_transcriptional_regulator_CBU_1416,LexA_repressor,repressor_LexA,Peptidase_S24-like	43.590	234	123	3	4	230	3	234	1.28e-60	189
protein_0	JQ086376.1_prophage_repressor	42.918	233	124	4	5	230	4	234	1.30e-60	189
protein_0	uvig_577827_Uncharacterized_HTH-type_transcriptional_regulator_CBU_1416,LexA_repressor,repressor_LexA,Peptidase_S24-like	48.649	222	95	6	18	237	8	212	1.37e-60	188
protein_0	AF335538.1_repressor_protein_cI	42.918	233	124	4	5	230	4	234	1.42e-60	189
protein_0	uvig_577708_Uncharacterized_HTH-type_transcriptional_regulator_CBU_1416,LexA_repressor,repressor_LexA,Peptidase_S24-like	48.198	222	96	6	18	237	8	212	1.57e-60	188
protein_0	uvig_315099_Uncharacterized_HTH-type_transcriptional_regulator_CBU_1416,LexA_repressor,repressor_LexA,Peptidase_S24-like	41.379	232	129	3	4	230	3	232	2.05e-60	189
protein_0	uvig_109183_Uncharacterized_HTH-type_transcriptional_regulator_CBU_1416,LexA_repressor,repressor_LexA,Peptidase_S24-like	40.948	232	130	3	4	230	3	232	2.47e-60	188
protein_0	uvig_370070_Uncharacterized_HTH-type_transcriptional_regulator_CBU_1416,LexA_repressor,repressor_LexA,Peptidase_S24-like	40.948	232	130	3	4	230	3	232	2.47e-60	188
protein_0	uvig_112855_Uncharacterized_HTH-type_transcriptional_regulator_CBU_1416,LexA_repressor,repressor_LexA,Peptidase_S24-like	40.948	232	130	3	4	230	3	232	2.47e-60	188
protein_0	uvig_395144_Uncharacterized_HTH-type_transcriptional_regulator_CBU_1416,LexA_repressor,repressor_LexA,Peptidase_S24-like	40.948	232	130	3	4	230	3	232	2.47e-60	188
protein_0	uvig_318446_Uncharacterized_HTH-type_transcriptional_regulator_CBU_1416,LexA_repressor,repressor_LexA,Peptidase_S24-like	41.379	232	129	3	4	230	3	232	2.66e-60	188
protein_0	uvig_576377_Uncharacterized_HTH-type_transcriptional_regulator_CBU_1416,LexA_repressor,repressor_LexA,Peptidase_S24-like	41.379	232	129	3	4	230	3	232	2.66e-60	188
protein_0	uvig_315111_Uncharacterized_HTH-type_transcriptional_regulator_CBU_1416,LexA_repressor,repressor_LexA,Peptidase_S24-like	41.379	232	129	3	4	230	3	232	2.66e-60	188
protein_0	uvig_578210_Uncharacterized_HTH-type_transcriptional_regulator_CBU_1416,LexA_repressor,repressor_LexA,Peptidase_S24-like	41.379	232	129	3	4	230	3	232	2.66e-60	188
protein_0	uvig_314215_Uncharacterized_HTH-type_transcriptional_regulator_CBU_1416,LexA_repressor,repressor_LexA,Peptidase_S24-like	41.379	232	129	3	4	230	3	232	2.66e-60	188
protein_0	uvig_369778_Uncharacterized_HTH-type_transcriptional_regulator_CBU_1416,LexA_repressor,repressor_LexA,Peptidase_S24-like	41.379	232	129	3	4	230	3	232	2.66e-60	188
protein_0	uvig_319034_Uncharacterized_HTH-type_transcriptional_regulator_CBU_1416,LexA_repressor,repressor_LexA,Peptidase_S24-like	41.379	232	129	3	4	230	3	232	2.66e-60	188
protein_0	uvig_578188_Uncharacterized_HTH-type_transcriptional_regulator_CBU_1416,LexA_repressor,repressor_LexA,Peptidase_S24-like	41.379	232	129	3	4	230	3	232	2.66e-60	188
protein_0	uvig_370853_Uncharacterized_HTH-type_transcriptional_regulator_CBU_1416,LexA_repressor,repressor_LexA,Peptidase_S24-like	41.379	232	129	3	4	230	3	232	2.66e-60	188
protein_0	uvig_318945_Uncharacterized_HTH-type_transcriptional_regulator_CBU_1416,LexA_repressor,repressor_LexA,Peptidase_S24-like	41.379	232	129	3	4	230	3	232	2.66e-60	188
protein_0	uvig_577965_Uncharacterized_HTH-type_transcriptional_regulator_CBU_1416,LexA_repressor,repressor_LexA,Peptidase_S24-like	41.379	232	129	3	4	230	3	232	2.66e-60	188
protein_0	uvig_577787_Uncharacterized_HTH-type_transcriptional_regulator_CBU_1416,LexA_repressor,repressor_LexA,Peptidase_S24-like	41.379	232	129	3	4	230	3	232	2.66e-60	188
protein_0	uvig_314912_Uncharacterized_HTH-type_transcriptional_regulator_CBU_1416,LexA_repressor,repressor_LexA,Peptidase_S24-like	41.379	232	129	3	4	230	3	232	2.66e-60	188
protein_0	uvig_319376_Uncharacterized_HTH-type_transcriptional_regulator_CBU_1416,LexA_repressor,repressor_LexA,Peptidase_S24-like	48.879	223	93	8	18	236	8	213	3.53e-60	187
protein_0	uvig_319061_Uncharacterized_HTH-type_transcriptional_regulator_CBU_1416,LexA_repressor,Peptidase_S24-like	47.748	222	97	6	18	237	8	212	1.69e-59	186
protein_0	uvig_577889_Uncharacterized_HTH-type_transcriptional_regulator_CBU_1416,LexA_repressor,Peptidase_S24-like	47.748	222	97	6	18	237	8	212	1.69e-59	186
protein_0	MT843276.1_repressor_protein_cI	44.589	231	115	4	5	227	20	245	1.98e-59	187
protein_0	ivig_1543_Uncharacterized_HTH-type_transcriptional_regulator_CBU_1416,LexA_repressor,repressor_LexA,Peptidase_S24-like	42.918	233	124	3	5	230	14	244	2.76e-59	186
protein_0	JQ182727.1_prophage_repressor	48.198	222	96	6	18	237	11	215	3.24e-59	185
protein_0	uvig_393013_Uncharacterized_HTH-type_transcriptional_regulator_CBU_1416,LexA_repressor,repressor_LexA,Peptidase_S24-like	43.913	230	122	3	5	229	20	247	6.15e-59	185
protein_0	uvig_422107_Uncharacterized_HTH-type_transcriptional_regulator_CBU_1416,LexA_repressor,repressor_LexA,Peptidase_S24-like	47.748	222	97	6	18	237	8	212	9.96e-59	184
protein_0	uvig_328156_Uncharacterized_HTH-type_transcriptional_regulator_CBU_1416,LexA_repressor,repressor_LexA,Peptidase_S24-like	47.748	222	97	6	18	237	8	212	9.96e-59	184
protein_0	uvig_314824_Uncharacterized_HTH-type_transcriptional_regulator_CBU_1416,LexA_repressor,repressor_LexA,Peptidase_S24-like	43.860	228	121	3	5	227	4	229	1.45e-58	184
protein_0	uvig_279677_Uncharacterized_HTH-type_transcriptional_regulator_CBU_1416,LexA_repressor,repressor_LexA,Peptidase_S24-like	43.860	228	121	3	5	227	4	229	1.45e-58	184
protein_0	uvig_319486_Uncharacterized_HTH-type_transcriptional_regulator_CBU_1416,LexA_repressor,repressor_LexA,Peptidase_S24-like	43.860	228	121	3	5	227	4	229	1.45e-58	184
protein_0	uvig_578339_Uncharacterized_HTH-type_transcriptional_regulator_CBU_1416,LexA_repressor,repressor_LexA,Peptidase_S24-like	43.860	228	121	3	5	227	4	229	1.45e-58	184
protein_0	uvig_370580_Uncharacterized_HTH-type_transcriptional_regulator_CBU_1416,LexA_repressor,repressor_LexA,Peptidase_S24-like	43.860	228	121	3	5	227	4	229	1.45e-58	184
protein_0	uvig_420064_Uncharacterized_HTH-type_transcriptional_regulator_CBU_1416,LexA_repressor,repressor_LexA,Peptidase_S24-like	43.860	228	121	3	5	227	4	229	1.45e-58	184
protein_0	uvig_578432_Uncharacterized_HTH-type_transcriptional_regulator_CBU_1416,LexA_repressor,repressor_LexA,Peptidase_S24-like	43.860	228	121	3	5	227	4	229	1.60e-58	184
protein_0	uvig_376307_Uncharacterized_HTH-type_transcriptional_regulator_CBU_1416,LexA_repressor,repressor_LexA,Peptidase_S24-like	43.860	228	121	3	5	227	4	229	1.60e-58	184
protein_0	uvig_394917_Uncharacterized_HTH-type_transcriptional_regulator_CBU_1416,LexA_repressor,repressor_LexA,Peptidase_S24-like	43.860	228	121	3	5	227	4	229	1.60e-58	184
protein_0	uvig_357721_Uncharacterized_HTH-type_transcriptional_regulator_CBU_1416,LexA_repressor,repressor_LexA,Peptidase_S24-like	43.860	228	121	3	5	227	4	229	2.41e-58	183
protein_0	uvig_354863_Uncharacterized_HTH-type_transcriptional_regulator_CBU_1416,LexA_repressor,repressor_LexA,Peptidase_S24-like	43.860	228	121	3	5	227	4	229	2.41e-58	183
protein_0	uvig_316842_Uncharacterized_HTH-type_transcriptional_regulator_CBU_1416,LexA_repressor,repressor_LexA,Peptidase_S24-like	43.290	231	124	3	5	230	4	232	2.66e-58	183
protein_0	uvig_578505_Uncharacterized_HTH-type_transcriptional_regulator_CBU_1416,LexA_repressor,repressor_LexA,Peptidase_S24-like	48.198	222	96	7	18	237	8	212	3.67e-58	182
protein_0	uvig_393067_Uncharacterized_HTH-type_transcriptional_regulator_CBU_1416,LexA_repressor,repressor_LexA,Peptidase_S24-like	48.198	222	96	7	18	237	8	212	3.67e-58	182
protein_0	uvig_219039_Uncharacterized_HTH-type_transcriptional_regulator_CBU_1416,LexA_repressor,repressor_LexA,Peptidase_S24-like	40.517	232	132	4	4	231	3	232	2.14e-56	178
protein_0	uvig_320853_Uncharacterized_HTH-type_transcriptional_regulator_CBU_1416,LexA_repressor,repressor_LexA,Peptidase_S24-like	40.517	232	132	4	4	231	9	238	2.62e-56	178
protein_0	uvig_317178_Uncharacterized_HTH-type_transcriptional_regulator_CBU_1416,LexA_repressor,repressor_LexA,Peptidase_S24-like	40.517	232	132	4	4	231	9	238	2.62e-56	178
protein_0	uvig_208942_Uncharacterized_HTH-type_transcriptional_regulator_CBU_1416,LexA_repressor,repressor_LexA,Peptidase_S24-like	40.517	232	132	4	4	231	9	238	2.68e-56	178
protein_0	HQ201307.1_phage_repressor_protein	40.175	229	133	3	4	230	2	228	4.34e-55	175
protein_0	uvig_592473_Uncharacterized_HTH-type_transcriptional_regulator_CBU_1416,LexA_repressor,repressor_LexA,Peptidase_S24-like	44.397	232	122	3	4	230	3	232	9.34e-55	174
protein_0	uvig_143578_Uncharacterized_HTH-type_transcriptional_regulator_CBU_1416,LexA_repressor,Peptidase_S24-like	43.966	232	123	3	4	230	3	232	1.06e-54	174
protein_0	uvig_573576_Uncharacterized_HTH-type_transcriptional_regulator_CBU_1416,LexA_repressor,Peptidase_S24-like	43.534	232	124	3	4	230	3	232	2.37e-54	173
protein_0	uvig_178754_Uncharacterized_HTH-type_transcriptional_regulator_CBU_1416,LexA_repressor,Peptidase_S24-like	43.534	232	124	3	4	230	3	232	2.76e-54	173
protein_0	uvig_483559_Uncharacterized_HTH-type_transcriptional_regulator_CBU_1416,LexA_repressor,repressor_LexA,Peptidase_S24-like	43.534	232	124	3	4	230	3	232	1.68e-53	171
protein_0	uvig_576576_Uncharacterized_HTH-type_transcriptional_regulator_CBU_1416,LexA_repressor,repressor_LexA,Peptidase_S24-like	43.534	232	124	3	4	230	3	232	1.68e-53	171
protein_0	uvig_107640_Uncharacterized_HTH-type_transcriptional_regulator_CBU_1416,LexA_repressor,repressor_LexA,Peptidase_S24-like	43.534	232	124	3	4	230	3	232	1.68e-53	171
protein_0	uvig_315007_Uncharacterized_HTH-type_transcriptional_regulator_CBU_1416,LexA_repressor,repressor_LexA,Peptidase_S24-like	43.534	232	124	3	4	230	3	232	1.68e-53	171
protein_0	uvig_395028_Uncharacterized_HTH-type_transcriptional_regulator_CBU_1416,LexA_repressor,repressor_LexA,Peptidase_S24-like	43.534	232	124	3	4	230	3	232	1.68e-53	171
protein_0	uvig_394683_Uncharacterized_HTH-type_transcriptional_regulator_CBU_1416,LexA_repressor,repressor_LexA,Peptidase_S24-like	43.534	232	124	3	4	230	3	232	2.43e-53	171
protein_0	ivig_1527_Uncharacterized_HTH-type_transcriptional_regulator_CBU_1416,LexA_repressor,repressor_LexA,Peptidase_S24-like	43.534	232	124	3	4	230	3	232	2.52e-53	171
protein_0	uvig_328680_Uncharacterized_HTH-type_transcriptional_regulator_CBU_1416,LexA_repressor,repressor_LexA,Peptidase_S24-like	43.534	232	124	3	4	230	3	232	3.48e-53	170
protein_0	uvig_576603_Uncharacterized_HTH-type_transcriptional_regulator_CBU_1416,LexA_repressor,repressor_LexA,Peptidase_S24-like	43.534	232	124	3	4	230	3	232	3.75e-53	170
protein_0	MH443100.1_repressor_protein_CI	40.260	231	129	4	4	227	3	231	4.62e-51	165
protein_0	MT104473.1_repressor_protein	38.367	245	131	4	3	229	5	247	3.53e-48	158
protein_0	uvig_354720_Uncharacterized_HTH-type_transcriptional_regulator_CBU_1416,LexA_repressor,repressor_LexA,Peptidase_S24-like	39.631	217	124	4	17	230	17	229	9.64e-46	151
protein_0	uvig_463848_Uncharacterized_HTH-type_transcriptional_regulator_CBU_1416,LexA_repressor,repressor_LexA,Peptidase_S24-like	39.171	217	125	4	17	230	5	217	1.80e-45	150
protein_0	uvig_578708_Uncharacterized_HTH-type_transcriptional_regulator_CBU_1416,LexA_repressor,repressor_LexA,Peptidase_S24-like	39.171	217	125	4	17	230	17	229	3.30e-45	150
protein_0	uvig_112863_Uncharacterized_HTH-type_transcriptional_regulator_CBU_1416,LexA_repressor,repressor_LexA,Peptidase_S24-like	39.171	217	125	4	17	230	17	229	3.30e-45	150
protein_0	uvig_469902_Uncharacterized_HTH-type_transcriptional_regulator_CBU_1416,LexA_repressor,repressor_LexA,Peptidase_S24-like	37.327	217	129	4	17	230	5	217	8.83e-44	145
protein_0	uvig_470493_Uncharacterized_HTH-type_transcriptional_regulator_CBU_1416,LexA_repressor,repressor_LexA,Peptidase_S24-like	37.327	217	129	4	17	230	5	217	1.27e-43	145
protein_0	uvig_396585_Uncharacterized_HTH-type_transcriptional_regulator_CBU_1416,LexA_repressor,repressor_LexA,Peptidase_S24-like	37.273	220	125	5	17	230	5	217	1.37e-43	145
protein_0	uvig_427994_Uncharacterized_HTH-type_transcriptional_regulator_CBU_1416,LexA_repressor,repressor_LexA,Peptidase_S24-like	38.249	217	127	4	17	230	5	217	2.71e-43	144
protein_0	uvig_317592_Uncharacterized_HTH-type_transcriptional_regulator_CBU_1416,LexA_repressor,repressor_LexA,Peptidase_S24-like	37.443	219	126	4	17	230	5	217	3.78e-43	144
protein_0	uvig_314532_Uncharacterized_HTH-type_transcriptional_regulator_CBU_1416,LexA_repressor,repressor_LexA,Peptidase_S24-like	37.443	219	126	4	17	230	5	217	3.78e-43	144
protein_0	uvig_317087_Uncharacterized_HTH-type_transcriptional_regulator_CBU_1416,LexA_repressor,repressor_LexA,Peptidase_S24-like	37.443	219	126	4	17	230	5	217	3.78e-43	144
protein_0	MK433579.1_repressor_CII	37.443	219	126	4	17	230	5	217	9.60e-43	143
protein_0	uvig_394915_Uncharacterized_HTH-type_transcriptional_regulator_CBU_1416,LexA_repressor,repressor_LexA,Peptidase_S24-like	37.443	219	126	4	17	230	5	217	9.87e-43	143
protein_0	uvig_219670_Uncharacterized_HTH-type_transcriptional_regulator_CBU_1416,LexA_repressor,repressor_LexA,Peptidase_S24-like	37.443	219	126	4	17	230	5	217	9.87e-43	143
protein_0	uvig_243706_Uncharacterized_HTH-type_transcriptional_regulator_CBU_1416,LexA_repressor,repressor_LexA,Peptidase_S24-like	37.443	219	126	4	17	230	5	217	9.87e-43	143
protein_0	uvig_576473_Uncharacterized_HTH-type_transcriptional_regulator_CBU_1416,LexA_repressor,repressor_LexA,Peptidase_S24-like	37.443	219	126	4	17	230	5	217	9.87e-43	143
protein_0	uvig_419033_Uncharacterized_HTH-type_transcriptional_regulator_CBU_1416,LexA_repressor,repressor_LexA,Peptidase_S24-like	37.443	219	126	4	17	230	5	217	9.87e-43	143
protein_0	uvig_577080_Uncharacterized_HTH-type_transcriptional_regulator_CBU_1416,LexA_repressor,repressor_LexA,Peptidase_S24-like	37.443	219	126	4	17	230	5	217	9.87e-43	143
protein_0	uvig_315775_Uncharacterized_HTH-type_transcriptional_regulator_CBU_1416,LexA_repressor,repressor_LexA,Peptidase_S24-like	37.443	219	126	4	17	230	5	217	9.87e-43	143
protein_0	uvig_392885_Uncharacterized_HTH-type_transcriptional_regulator_CBU_1416,LexA_repressor,repressor_LexA,Peptidase_S24-like	37.443	219	126	4	17	230	5	217	9.87e-43	143
protein_0	uvig_212849_Uncharacterized_HTH-type_transcriptional_regulator_CBU_1416,LexA_repressor,repressor_LexA,Peptidase_S24-like	37.443	219	126	4	17	230	5	217	9.87e-43	143
protein_0	uvig_424122_Uncharacterized_HTH-type_transcriptional_regulator_CBU_1416,LexA_repressor,repressor_LexA,Peptidase_S24-like	35.349	215	136	2	17	230	17	229	1.20e-41	140
protein_0	uvig_395050_Uncharacterized_HTH-type_transcriptional_regulator_CBU_1416,LexA_repressor,repressor_LexA,Peptidase_S24-like	34.884	215	137	2	17	230	17	229	2.22e-41	140
protein_0	uvig_458034_Uncharacterized_HTH-type_transcriptional_regulator_CBU_1416,transcriptional_repressor_DicA,transcriptional_regulator%2C_y4mF_family,Helix-turn-helix	35.407	209	126	5	27	231	12	215	3.27e-38	131
protein_0	uvig_294258_Uncharacterized_HTH-type_transcriptional_regulator_CBU_1416,transcriptional_repressor_DicA,repressor_LexA,Peptidase_S24-like	37.019	208	120	5	26	230	10	209	3.64e-38	131
protein_0	uvig_143022_Uncharacterized_HTH-type_transcriptional_regulator_CBU_1416,transcriptional_repressor_DicA,transcriptional_regulator%2C_y4mF_family,Helix-turn-helix	34.928	209	127	5	27	231	12	215	6.64e-38	130
protein_0	uvig_199168_Uncharacterized_HTH-type_transcriptional_regulator_CBU_1416,transcriptional_repressor_DicA,transcriptional_regulator%2C_y4mF_family,Helix-turn-helix	34.928	209	127	5	27	231	12	215	6.64e-38	130
protein_0	uvig_148509_Uncharacterized_HTH-type_transcriptional_regulator_CBU_1416,transcriptional_repressor_DicA,transcriptional_regulator%2C_y4mF_family,Helix-turn-helix	34.928	209	127	5	27	231	12	215	6.64e-38	130
protein_0	uvig_317879_Uncharacterized_HTH-type_transcriptional_regulator_CBU_1416,transcriptional_repressor_DicA,transcriptional_regulator%2C_y4mF_family,Helix-turn-helix	34.928	209	127	5	27	231	12	215	6.64e-38	130
protein_0	uvig_157362_Uncharacterized_HTH-type_transcriptional_regulator_CBU_1416,transcriptional_repressor_DicA,transcriptional_regulator%2C_y4mF_family,Helix-turn-helix	34.928	209	127	5	27	231	12	215	6.64e-38	130
protein_0	uvig_110308_Uncharacterized_HTH-type_transcriptional_regulator_CBU_1416,transcriptional_repressor_DicA,transcriptional_regulator%2C_y4mF_family,Helix-turn-helix	34.928	209	127	5	27	231	12	215	6.64e-38	130
protein_0	uvig_385029_Uncharacterized_HTH-type_transcriptional_regulator_CBU_1416,transcriptional_repressor_DicA,transcriptional_regulator%2C_y4mF_family,Helix-turn-helix	34.928	209	127	5	27	231	12	215	6.64e-38	130
protein_0	uvig_192857_Uncharacterized_HTH-type_transcriptional_regulator_CBU_1416,transcriptional_repressor_DicA,transcriptional_regulator%2C_y4mF_family,Helix-turn-helix	34.928	209	127	5	27	231	12	215	9.07e-38	130
protein_0	uvig_175492_Uncharacterized_HTH-type_transcriptional_regulator_CBU_1416,transcriptional_repressor_DicA,transcriptional_regulator%2C_y4mF_family,Helix-turn-helix	34.928	209	127	5	27	231	12	215	9.07e-38	130
protein_0	uvig_314840_Uncharacterized_HTH-type_transcriptional_regulator_CBU_1416,LexA_repressor,repressor_LexA,Peptidase_S24-like	37.438	203	119	5	31	230	15	212	6.29e-37	128
protein_0	uvig_316701_Uncharacterized_HTH-type_transcriptional_regulator_CBU_1416,LexA_repressor,repressor_LexA,Peptidase_S24-like	37.438	203	119	5	31	230	15	212	6.29e-37	128
protein_0	uvig_355136_Uncharacterized_HTH-type_transcriptional_regulator_CBU_1416,LexA_repressor,repressor_LexA,Peptidase_S24-like	36.098	205	127	3	29	231	29	231	7.26e-37	128
protein_0	uvig_358887_Uncharacterized_HTH-type_transcriptional_regulator_CBU_1416,LexA_repressor,repressor_LexA,Peptidase_S24-like	36.946	203	120	5	31	230	15	212	7.54e-37	127
protein_0	uvig_358807_Uncharacterized_HTH-type_transcriptional_regulator_CBU_1416,LexA_repressor,repressor_LexA,Peptidase_S24-like	36.946	203	120	5	31	230	15	212	7.54e-37	127
protein_0	AJ298298.1_putative_lambda_repressor	34.450	209	128	5	27	231	12	215	7.96e-37	127
protein_0	MT135176.1_CI_protein	36.893	206	123	4	26	230	13	212	8.27e-37	127
protein_0	uvig_190593_Uncharacterized_HTH-type_transcriptional_regulator_CBU_1416,transcriptional_repressor_DicA,transcriptional_regulator%2C_y4mF_family,Helix-turn-helix	34.450	209	128	5	27	231	12	215	1.08e-36	127
protein_0	ivig_2369_Uncharacterized_HTH-type_transcriptional_regulator_CBU_1416,transcriptional_repressor_DicA,transcriptional_regulator%2C_y4mF_family,Helix-turn-helix	34.450	209	128	5	27	231	12	215	1.08e-36	127
protein_0	uvig_359384_Uncharacterized_HTH-type_transcriptional_regulator_CBU_1416,transcriptional_repressor_DicA,Predicted_transcriptional_regulator,repressor_LexA,Peptidase_S24-like	35.437	206	125	3	26	230	13	211	1.08e-36	127
protein_0	uvig_116466_Uncharacterized_HTH-type_transcriptional_regulator_CBU_1416,transcriptional_repressor_DicA,Predicted_transcriptional_regulator,repressor_LexA,Peptidase_S24-like	35.437	206	125	3	26	230	13	211	1.08e-36	127
protein_0	uvig_420948_Uncharacterized_HTH-type_transcriptional_regulator_CBU_1416,transcriptional_repressor_DicA,Predicted_transcriptional_regulator,repressor_LexA,Peptidase_S24-like	35.437	206	125	3	26	230	13	211	1.08e-36	127
protein_0	uvig_421448_Uncharacterized_HTH-type_transcriptional_regulator_CBU_1416,transcriptional_repressor_DicA,Predicted_transcriptional_regulator,repressor_LexA,Peptidase_S24-like	35.437	206	125	3	26	230	13	211	1.08e-36	127
protein_0	MW013502.1_CII_prophage_repressor_protein	36.792	212	122	6	26	231	26	231	4.45e-36	126
protein_0	NC_004348.1_LexA_family_transcriptional_regulator	36.792	212	122	6	26	231	26	231	4.45e-36	126
protein_0	uvig_314781_Uncharacterized_HTH-type_transcriptional_regulator_CBU_1416,LexA_repressor,repressor_LexA,Peptidase_S24-like	35.749	207	128	4	26	230	26	229	5.23e-36	126
protein_0	JF974339.1_repressor_protein	34.951	206	126	3	26	230	13	211	6.58e-36	125
protein_0	NC_019501.1_LexA_family_transcriptional_regulator	34.951	206	126	3	26	230	13	211	6.58e-36	125
protein_0	uvig_115746_Uncharacterized_HTH-type_transcriptional_regulator_CBU_1416,transcriptional_repressor_DicA,Predicted_transcriptional_regulator,repressor_LexA,Peptidase_S24-like	34.951	206	126	3	26	230	13	211	6.75e-36	125
protein_0	uvig_312859_Uncharacterized_HTH-type_transcriptional_regulator_CBU_1416,transcriptional_repressor_DicA,Predicted_transcriptional_regulator,repressor_LexA,Peptidase_S24-like	34.951	206	126	3	26	230	13	211	6.75e-36	125
protein_0	uvig_123106_Uncharacterized_HTH-type_transcriptional_regulator_CBU_1416,transcriptional_repressor_DicA,Predicted_transcriptional_regulator,repressor_LexA,Peptidase_S24-like	34.951	206	126	3	26	230	13	211	6.75e-36	125
protein_0	uvig_367964_Uncharacterized_HTH-type_transcriptional_regulator_CBU_1416,transcriptional_repressor_DicA,Predicted_transcriptional_regulator,repressor_LexA,Peptidase_S24-like	34.951	206	126	3	26	230	13	211	6.75e-36	125
protein_0	uvig_334774_Uncharacterized_HTH-type_transcriptional_regulator_CBU_1416,transcriptional_repressor_DicA,Predicted_transcriptional_regulator,repressor_LexA,Peptidase_S24-like	34.951	206	126	3	26	230	13	211	6.75e-36	125
protein_0	uvig_577220_Uncharacterized_HTH-type_transcriptional_regulator_CBU_1416,transcriptional_repressor_DicA,Predicted_transcriptional_regulator,repressor_LexA,Peptidase_S24-like	34.951	206	126	3	26	230	13	211	6.75e-36	125
protein_0	uvig_255653_Uncharacterized_HTH-type_transcriptional_regulator_CBU_1416,transcriptional_repressor_DicA,Predicted_transcriptional_regulator,repressor_LexA,Peptidase_S24-like	34.951	206	126	3	26	230	13	211	6.75e-36	125
protein_0	uvig_284664_Uncharacterized_HTH-type_transcriptional_regulator_CBU_1416,transcriptional_repressor_DicA,Predicted_transcriptional_regulator,repressor_LexA,Peptidase_S24-like	34.951	206	126	3	26	230	13	211	6.75e-36	125
protein_0	uvig_394444_Uncharacterized_HTH-type_transcriptional_regulator_CBU_1416,transcriptional_repressor_DicA,Predicted_transcriptional_regulator,repressor_LexA,Peptidase_S24-like	34.951	206	126	3	26	230	13	211	6.75e-36	125
protein_0	uvig_159968_Uncharacterized_HTH-type_transcriptional_regulator_CBU_1416,transcriptional_repressor_DicA,Predicted_transcriptional_regulator,repressor_LexA,Peptidase_S24-like	34.951	206	126	3	26	230	13	211	6.75e-36	125
protein_0	uvig_114076_Uncharacterized_HTH-type_transcriptional_regulator_CBU_1416,transcriptional_repressor_DicA,Predicted_transcriptional_regulator,repressor_LexA,Peptidase_S24-like	34.951	206	126	3	26	230	13	211	6.75e-36	125
protein_0	uvig_68428_Uncharacterized_HTH-type_transcriptional_regulator_CBU_1416,transcriptional_repressor_DicA,Predicted_transcriptional_regulator,repressor_LexA,Peptidase_S24-like	34.951	206	126	3	26	230	13	211	6.75e-36	125
protein_0	uvig_123686_Uncharacterized_HTH-type_transcriptional_regulator_CBU_1416,transcriptional_repressor_DicA,Predicted_transcriptional_regulator,repressor_LexA,Peptidase_S24-like	34.951	206	126	3	26	230	13	211	6.75e-36	125
protein_0	uvig_325085_Uncharacterized_HTH-type_transcriptional_regulator_CBU_1416,transcriptional_repressor_DicA,Predicted_transcriptional_regulator,repressor_LexA,Peptidase_S24-like	34.951	206	126	3	26	230	13	211	6.75e-36	125
protein_0	uvig_67678_Uncharacterized_HTH-type_transcriptional_regulator_CBU_1416,transcriptional_repressor_DicA,Predicted_transcriptional_regulator,repressor_LexA,Peptidase_S24-like	34.951	206	126	3	26	230	13	211	6.75e-36	125
protein_0	uvig_467400_Uncharacterized_HTH-type_transcriptional_regulator_CBU_1416,transcriptional_repressor_DicA,Predicted_transcriptional_regulator,repressor_LexA,Peptidase_S24-like	34.951	206	126	3	26	230	13	211	6.75e-36	125
protein_0	uvig_109156_Uncharacterized_HTH-type_transcriptional_regulator_CBU_1416,transcriptional_repressor_DicA,Predicted_transcriptional_regulator,repressor_LexA,Peptidase_S24-like	34.951	206	126	3	26	230	13	211	6.75e-36	125
protein_0	KT630648.2_putative_repressor_protein	36.190	210	126	5	26	231	12	217	1.15e-35	125
protein_0	uvig_314014_transcriptional_repressor_DicA,transcriptional_regulator%2C_y4mF_family,Helix-turn-helix	33.971	209	129	5	27	231	12	215	1.27e-35	124
protein_0	ivig_4254_Uncharacterized_HTH-type_transcriptional_regulator_CBU_1416,LexA_repressor,repressor_LexA,Helix-turn-helix	36.530	219	126	5	14	230	6	213	1.52e-35	124
protein_0	uvig_162455_Uncharacterized_HTH-type_transcriptional_regulator_CBU_1416,transcriptional_repressor_DicA,Predicted_transcriptional_regulator,repressor_LexA,Peptidase_S24-like	34.466	206	127	3	26	230	13	211	1.71e-35	124
protein_0	ivig_2659_Uncharacterized_HTH-type_transcriptional_regulator_CBU_1416,transcriptional_repressor_DicA,Predicted_transcriptional_regulator,repressor_LexA,Peptidase_S24-like	34.466	206	127	3	26	230	13	211	1.71e-35	124
protein_0	uvig_375720_Uncharacterized_HTH-type_transcriptional_regulator_CBU_1416,transcriptional_repressor_DicA,Predicted_transcriptional_regulator,repressor_LexA,Peptidase_S24-like	34.466	206	127	3	26	230	13	211	1.71e-35	124
protein_0	uvig_323635_Uncharacterized_HTH-type_transcriptional_regulator_CBU_1416,transcriptional_repressor_DicA,Predicted_transcriptional_regulator,repressor_LexA,Peptidase_S24-like	34.466	206	127	3	26	230	13	211	1.71e-35	124
protein_0	uvig_580478_Uncharacterized_HTH-type_transcriptional_regulator_CBU_1416,transcriptional_repressor_DicA,Predicted_transcriptional_regulator,repressor_LexA,Peptidase_S24-like	34.466	206	127	3	26	230	13	211	1.71e-35	124
protein_0	uvig_228230_Uncharacterized_HTH-type_transcriptional_regulator_CBU_1416,transcriptional_repressor_DicA,Predicted_transcriptional_regulator,repressor_LexA,Peptidase_S24-like	34.466	206	127	3	26	230	13	211	1.71e-35	124
protein_0	uvig_586872_Uncharacterized_HTH-type_transcriptional_regulator_CBU_1416,transcriptional_repressor_DicA,Predicted_transcriptional_regulator,repressor_LexA,Peptidase_S24-like	34.466	206	127	3	26	230	13	211	1.71e-35	124
protein_0	uvig_429214_Uncharacterized_HTH-type_transcriptional_regulator_CBU_1416,transcriptional_repressor_DicA,Predicted_transcriptional_regulator,repressor_LexA,Peptidase_S24-like	34.466	206	127	3	26	230	13	211	1.71e-35	124
protein_0	uvig_127142_Uncharacterized_HTH-type_transcriptional_regulator_CBU_1416,transcriptional_repressor_DicA,Predicted_transcriptional_regulator,repressor_LexA,Peptidase_S24-like	34.466	206	127	3	26	230	13	211	1.71e-35	124
protein_0	uvig_68264_Uncharacterized_HTH-type_transcriptional_regulator_CBU_1416,transcriptional_repressor_DicA,Predicted_transcriptional_regulator,repressor_LexA,Peptidase_S24-like	34.466	206	127	3	26	230	13	211	1.85e-35	124
protein_0	AF217253.1_repressor_protein	46.875	128	65	2	104	230	86	211	2.43e-35	124
protein_0	MK770414.1_LexA_family_transcriptional_regulator	46.875	128	65	2	104	230	86	211	2.43e-35	124
protein_0	MT932212.1_LexA_family_transcriptional_regulator	46.875	128	65	2	104	230	86	211	2.43e-35	124
protein_0	MW355480.1_putative_HTH-type_transcriptional_regulator	46.875	128	65	2	104	230	86	211	2.43e-35	124
protein_0	MK770415.1_LexA_family_transcriptional_regulator	46.875	128	65	2	104	230	81	206	2.45e-35	124
protein_0	uvig_461255_Uncharacterized_HTH-type_transcriptional_regulator_CBU_1416,transcriptional_repressor_DicA,repressor_LexA,Peptidase_S24-like	46.875	128	65	2	104	230	86	211	2.49e-35	124
protein_0	uvig_423186_Uncharacterized_HTH-type_transcriptional_regulator_CBU_1416,transcriptional_repressor_DicA,Predicted_transcriptional_regulator,repressor_LexA,Peptidase_S24-like	34.466	206	127	3	26	230	13	211	2.75e-35	124
protein_0	MZ868718.1_repressor_protein_cI	33.636	220	126	5	18	227	6	215	3.28e-35	124
protein_0	NC_074661.1_repressor_protein_cI	33.636	220	126	5	18	227	6	215	3.28e-35	124
protein_0	uvig_394187_Uncharacterized_HTH-type_transcriptional_regulator_CBU_1416,LexA_repressor,repressor_LexA,Peptidase_S24-like	49.231	130	59	4	104	230	120	245	3.52e-35	124
protein_0	uvig_317835_Uncharacterized_HTH-type_transcriptional_regulator_CBU_1416,LexA_repressor,repressor_LexA,Peptidase_S24-like	49.231	130	59	4	104	230	120	245	3.52e-35	124
protein_0	uvig_392383_Uncharacterized_HTH-type_transcriptional_regulator_CBU_1416,LexA_repressor,repressor_LexA,Peptidase_S24-like	34.742	213	135	3	19	230	36	245	3.63e-35	124
protein_0	JQ182735.1_prophage_repressor	33.981	206	128	3	26	230	13	211	3.81e-35	123
protein_0	JQ182731.1_prophage_repressor	33.981	206	128	3	26	230	13	211	3.81e-35	123
protein_0	MN340231.1_prophage_repressor	33.981	206	128	3	26	230	13	211	3.81e-35	123
protein_0	MF374379.1_repressor_protein	33.981	206	128	3	26	230	13	211	3.81e-35	123
protein_0	MT813197.1_CI_transcriptional_repressor	33.981	206	128	3	26	230	13	211	3.81e-35	123
protein_0	NC_019711.1_LexA_family_transcriptional_regulator	33.981	206	128	3	26	230	13	211	3.81e-35	123
protein_0	NC_019708.1_LexA_family_transcriptional_regulator	33.981	206	128	3	26	230	13	211	3.81e-35	123
protein_0	NC_042057.1_LexA_family_transcriptional_regulator	33.981	206	128	3	26	230	13	211	3.81e-35	123
protein_0	uvig_78674_Uncharacterized_HTH-type_transcriptional_regulator_CBU_1416,transcriptional_repressor_DicA,Predicted_transcriptional_regulator,repressor_LexA,Peptidase_S24-like	33.981	206	128	3	26	230	13	211	3.91e-35	123
protein_0	uvig_162992_Uncharacterized_HTH-type_transcriptional_regulator_CBU_1416,transcriptional_repressor_DicA,Predicted_transcriptional_regulator,repressor_LexA,Peptidase_S24-like	33.981	206	128	3	26	230	13	211	3.91e-35	123
protein_0	uvig_161305_Uncharacterized_HTH-type_transcriptional_regulator_CBU_1416,transcriptional_repressor_DicA,Predicted_transcriptional_regulator,repressor_LexA,Peptidase_S24-like	33.981	206	128	3	26	230	13	211	3.91e-35	123
protein_0	uvig_394839_Uncharacterized_HTH-type_transcriptional_regulator_CBU_1416,transcriptional_repressor_DicA,Predicted_transcriptional_regulator,repressor_LexA,Peptidase_S24-like	33.981	206	128	3	26	230	13	211	3.91e-35	123
protein_0	uvig_576530_Uncharacterized_HTH-type_transcriptional_regulator_CBU_1416,transcriptional_repressor_DicA,Predicted_transcriptional_regulator,repressor_LexA,Peptidase_S24-like	33.981	206	128	3	26	230	13	211	3.91e-35	123
protein_0	uvig_541674_Uncharacterized_HTH-type_transcriptional_regulator_CBU_1416,transcriptional_repressor_DicA,Predicted_transcriptional_regulator,repressor_LexA,Peptidase_S24-like	33.981	206	128	3	26	230	13	211	3.91e-35	123
protein_0	uvig_64283_Uncharacterized_HTH-type_transcriptional_regulator_CBU_1416,transcriptional_repressor_DicA,Predicted_transcriptional_regulator,repressor_LexA,Peptidase_S24-like	33.981	206	128	3	26	230	13	211	3.91e-35	123
protein_0	uvig_405037_Uncharacterized_HTH-type_transcriptional_regulator_CBU_1416,transcriptional_repressor_DicA,Predicted_transcriptional_regulator,repressor_LexA,Peptidase_S24-like	33.981	206	128	3	26	230	13	211	3.91e-35	123
protein_0	uvig_315849_Uncharacterized_HTH-type_transcriptional_regulator_CBU_1416,transcriptional_repressor_DicA,Predicted_transcriptional_regulator,repressor_LexA,Peptidase_S24-like	33.981	206	128	3	26	230	13	211	3.91e-35	123
protein_0	uvig_114460_Uncharacterized_HTH-type_transcriptional_regulator_CBU_1416,transcriptional_repressor_DicA,Predicted_transcriptional_regulator,repressor_LexA,Peptidase_S24-like	33.981	206	128	3	26	230	13	211	3.91e-35	123
protein_0	uvig_113733_Uncharacterized_HTH-type_transcriptional_regulator_CBU_1416,transcriptional_repressor_DicA,Predicted_transcriptional_regulator,repressor_LexA,Peptidase_S24-like	33.981	206	128	3	26	230	13	211	3.91e-35	123
protein_0	uvig_3495_Uncharacterized_HTH-type_transcriptional_regulator_CBU_1416,transcriptional_repressor_DicA,Predicted_transcriptional_regulator,repressor_LexA,Peptidase_S24-like	33.981	206	128	3	26	230	13	211	3.91e-35	123
protein_0	uvig_191480_Uncharacterized_HTH-type_transcriptional_regulator_CBU_1416,transcriptional_repressor_DicA,Predicted_transcriptional_regulator,repressor_LexA,Peptidase_S24-like	33.981	206	128	3	26	230	13	211	3.91e-35	123
protein_0	uvig_540135_Uncharacterized_HTH-type_transcriptional_regulator_CBU_1416,transcriptional_repressor_DicA,Predicted_transcriptional_regulator,repressor_LexA,Peptidase_S24-like	33.981	206	128	3	26	230	13	211	3.91e-35	123
protein_0	uvig_132763_Uncharacterized_HTH-type_transcriptional_regulator_CBU_1416,transcriptional_repressor_DicA,Predicted_transcriptional_regulator,repressor_LexA,Peptidase_S24-like	33.981	206	128	3	26	230	13	211	3.91e-35	123
protein_0	uvig_329860_Uncharacterized_HTH-type_transcriptional_regulator_CBU_1416,transcriptional_repressor_DicA,Predicted_transcriptional_regulator,repressor_LexA,Peptidase_S24-like	33.981	206	128	3	26	230	13	211	3.91e-35	123
protein_0	ivig_4065_Uncharacterized_HTH-type_transcriptional_regulator_CBU_1416,LexA_repressor,repressor_LexA,Peptidase_S24-like	34.742	213	135	3	19	230	36	245	4.00e-35	124
